path_key,phase_count,phase_annual_return_mean,phase_annual_return_min,phase_annual_return_max,phase_annual_return_std,phase_sharpe_mean,phase_sharpe_min,phase_sharpe_max,phase_sharpe_std
liquidity_change|liq_20d_252d|continuous_high_minus_low|unconstrained_beta|r1|ensemble,1,-0.07093870481008624,-0.07093870481008624,-0.07093870481008624,0.0,-0.9665246066612322,-0.9665246066612322,-0.9665246066612322,0.0
liquidity_change|liq_20d_252d|continuous_high_minus_low|unconstrained_beta|r5|ensemble,3,-0.052099347885485536,-0.055654776552134244,-0.050152186661419296,0.0025178717205214733,-0.6952393586793989,-0.7432126482535547,-0.6675618248724691,0.03405583695620293
liquidity_change|liq_20d_252d|continuous_high_minus_low|unconstrained_beta|r21|ensemble,3,-0.03152263937112713,-0.03535697595593856,-0.02695033959677884,0.0034714383158013073,-0.4121273768902147,-0.4662775729410579,-0.3484557222267259,0.048569474343609614
liquidity_change|liq_20d_252d|continuous_high_minus_low|unconstrained_beta|r63|ensemble,3,-0.015740569484246365,-0.020900570961205456,-0.007490815715914478,0.005894365153895417,-0.19142685155728975,-0.25687231429333035,-0.09133136778028654,0.07188610997827499
liquidity_change|liq_20d_252d|continuous_high_minus_low|beta_neutral|r1|ensemble,1,-0.05559835871432539,-0.05559835871432539,-0.05559835871432539,0.0,-0.8260786637875472,-0.8260786637875472,-0.8260786637875472,0.0
liquidity_change|liq_20d_252d|continuous_high_minus_low|beta_neutral|r5|ensemble,3,-0.03729646894382029,-0.040394502161758994,-0.03458918201815475,0.002386063353605434,-0.535905246838022,-0.5809999959328832,-0.4954171401264305,0.035090570124868985
liquidity_change|liq_20d_252d|continuous_high_minus_low|beta_neutral|r21|ensemble,3,-0.01513762977298135,-0.016839445647808038,-0.012518678820066964,0.001879380936819553,-0.19932027005945532,-0.22426357564137897,-0.16044096783210005,0.027856660708830715
liquidity_change|liq_20d_252d|continuous_high_minus_low|beta_neutral|r63|ensemble,3,-0.0016647437799624705,-0.002943591217501318,-0.0005042373045017756,0.0009993715744392344,0.00565193683787234,-0.012436665353419878,0.020618666400995248,0.013674143626530957
liquidity_change|liq_20d_252d|long_q1|unconstrained_beta|r1|ensemble,1,0.1002787347977927,0.1002787347977927,0.1002787347977927,0.0,0.5441358411757072,0.5441358411757072,0.5441358411757072,0.0
liquidity_change|liq_20d_252d|long_q1|unconstrained_beta|r5|ensemble,3,0.11446287285814034,0.11081647420646434,0.1173975717547786,0.00273344698638887,0.6057986337374629,0.589046027920095,0.6179608484338271,0.012242561804845103
liquidity_change|liq_20d_252d|long_q1|unconstrained_beta|r21|ensemble,3,0.10711821753249968,0.0975626372269105,0.11909886577724293,0.008957789940425155,0.5828331097746037,0.5423173146352723,0.633516235450272,0.037919579350088564
liquidity_change|liq_20d_252d|long_q1|unconstrained_beta|r63|ensemble,3,0.12477887058907007,0.1187627118272161,0.13017783017336448,0.004680593468975812,0.6717211834170288,0.6343701714577272,0.719334966419636,0.03543771482329042
liquidity_change|liq_20d_252d|long_q10|unconstrained_beta|r1|ensemble,1,0.10211606397515238,0.10211606397515238,0.10211606397515238,0.0,0.5986293717564075,0.5986293717564075,0.5986293717564075,0.0
liquidity_change|liq_20d_252d|long_q10|unconstrained_beta|r5|ensemble,3,0.11333001679087795,0.10358718061161643,0.12141361328562139,0.00737157752082134,0.6512879776252704,0.6061360915690504,0.6876060680336914,0.03384145609010342
liquidity_change|liq_20d_252d|long_q10|unconstrained_beta|r21|ensemble,3,0.1267578450016129,0.12296623919433203,0.13406054965133785,0.0051650616285555985,0.7127416105922797,0.6944754325711726,0.7456458369331588,0.023313900211408663
liquidity_change|liq_20d_252d|long_q10|unconstrained_beta|r63|ensemble,3,0.14116028693327073,0.1333332416932702,0.1474157753839891,0.005855583195777752,0.7834327538742666,0.7457353513386114,0.8099027982154519,0.027372802666067855
liquidity_change|liq_20d_252d|middle_minus_q1|unconstrained_beta|r1|ensemble,1,-0.10769283870648794,-0.10769283870648794,-0.10769283870648794,0.0,-1.3655271585588993,-1.3655271585588993,-1.3655271585588993,0.0
liquidity_change|liq_20d_252d|middle_minus_q1|unconstrained_beta|r5|ensemble,3,-0.0773562427855465,-0.08092051385741938,-0.07151030601978392,0.004166733464068213,-0.9379949688223044,-0.9964393302921448,-0.8439443086011663,0.06715424679153705
liquidity_change|liq_20d_252d|middle_minus_q1|unconstrained_beta|r21|ensemble,3,-0.025411837640583263,-0.04172510573747257,-0.012693856093063394,0.01212154907614423,-0.2794870280905702,-0.4790378836467772,-0.12035833469003583,0.1491938741033681
liquidity_change|liq_20d_252d|middle_minus_q1|unconstrained_beta|r63|ensemble,3,-0.01700354839650235,-0.021148329299948365,-0.012563248778276748,0.003511068249026696,-0.16922125704013732,-0.20665196961132723,-0.1446457488973562,0.026896530909884482
liquidity_change|liq_20d_252d|middle_minus_q1|beta_neutral|r1|ensemble,1,-0.08580632948670552,-0.08580632948670552,-0.08580632948670552,0.0,-1.261941076881086,-1.261941076881086,-1.261941076881086,0.0
liquidity_change|liq_20d_252d|middle_minus_q1|beta_neutral|r5|ensemble,3,-0.053018614239013696,-0.05707406418124339,-0.04798345277793159,0.003775330441752502,-0.7289487151508168,-0.7974034649206575,-0.6422291842395629,0.06465274430283467
liquidity_change|liq_20d_252d|middle_minus_q1|beta_neutral|r21|ensemble,3,-0.002496837592437425,-0.01586718160963163,0.008697910730339542,0.010145963167256973,0.0002086323029775461,-0.18945535487266654,0.15990425016909374,0.144191101847601
liquidity_change|liq_20d_252d|middle_minus_q1|beta_neutral|r63|ensemble,3,-0.0003466026148648549,-0.0007776482261597772,-2.2354359018095238e-05,0.0003174601946528101,0.029769652516233498,0.024801944059252314,0.03280698872278336,0.0035416510072006635
liquidity_change|liq_20d_252d|q10_minus_middle|unconstrained_beta|r1|ensemble,1,-0.07269198192363058,-0.07269198192363058,-0.07269198192363058,0.0,-0.7664208515444771,-0.7664208515444771,-0.7664208515444771,0.0
liquidity_change|liq_20d_252d|q10_minus_middle|unconstrained_beta|r5|ensemble,3,-0.049866391003954104,-0.060446109887493105,-0.04018415062063663,0.00829621797675333,-0.5137267710039021,-0.6353327049290243,-0.3975944187467439,0.09713339024739422
liquidity_change|liq_20d_252d|q10_minus_middle|unconstrained_beta|r21|ensemble,3,-0.028339501907791147,-0.03271608986524599,-0.02611336307024459,0.0030948692859142546,-0.28002412605178434,-0.3301920841863026,-0.25453504378303665,0.035475645412441664
liquidity_change|liq_20d_252d|q10_minus_middle|unconstrained_beta|r63|ensemble,3,0.0009332954876909808,-0.010814791176016358,0.008119711515959915,0.00837597665102524,0.049952511388282106,-0.09350992189022882,0.13689910981448422,0.1022011420828748
liquidity_change|liq_20d_252d|q10_minus_middle|beta_neutral|r1|ensemble,1,-0.07259697867160364,-0.07259697867160364,-0.07259697867160364,0.0,-0.8257756807670239,-0.8257756807670239,-0.8257756807670239,0.0
liquidity_change|liq_20d_252d|q10_minus_middle|beta_neutral|r5|ensemble,3,-0.04899551735172599,-0.05842767039386221,-0.039891979579944614,0.007570730897529865,-0.5449136739535382,-0.6611456151068343,-0.4285329014193075,0.09496380101685693
liquidity_change|liq_20d_252d|q10_minus_middle|beta_neutral|r21|ensemble,3,-0.025702681779187775,-0.029167008286596463,-0.022233097075469943,0.002830759839974399,-0.27140060427631035,-0.31309071724769416,-0.22918462373053966,0.03425653742822152
liquidity_change|liq_20d_252d|q10_minus_middle|beta_neutral|r63|ensemble,3,0.005068660246295782,-0.010156788703645114,0.014503056246348844,0.010868278273358636,0.09735002982793191,-0.0950069234266926,0.21598503843725986,0.1372472074462978
liquidity_change|liq_20d_252d|q10_minus_q1|unconstrained_beta|r1|ensemble,1,-0.0965800026595478,-0.0965800026595478,-0.0965800026595478,0.0,-0.7339862629130516,-0.7339862629130516,-0.7339862629130516,0.0
liquidity_change|liq_20d_252d|q10_minus_q1|unconstrained_beta|r5|ensemble,3,-0.07104903398312408,-0.07579148507931432,-0.06498629979923465,0.004508907318331943,-0.5170250625101895,-0.5520028868615583,-0.46709507644878895,0.036240027797311836
liquidity_change|liq_20d_252d|q10_minus_q1|unconstrained_beta|r21|ensemble,3,-0.027453782344420197,-0.041315364043882585,-0.012688234298548595,0.011704443763819702,-0.16482365014328312,-0.2801655137130557,-0.042456011063702476,0.09717157696084586
liquidity_change|liq_20d_252d|q10_minus_q1|unconstrained_beta|r63|ensemble,3,-0.006826479357439334,-0.013895845586029854,-0.0027622555485073974,0.0050174606793163415,-0.001638384237404843,-0.07748691596951252,0.0408607926791004,0.05376293416817297
liquidity_change|liq_20d_252d|q10_minus_q1|beta_neutral|r1|ensemble,1,-0.07149623848859299,-0.07149623848859299,-0.07149623848859299,0.0,-0.5736728425070966,-0.5736728425070966,-0.5736728425070966,0.0
liquidity_change|liq_20d_252d|q10_minus_q1|beta_neutral|r5|ensemble,3,-0.044177972793060016,-0.049075517986108874,-0.03866216551457069,0.00427365288161798,-0.3249599599006643,-0.3656953512171701,-0.2757744263403426,0.03719316120499892
liquidity_change|liq_20d_252d|q10_minus_q1|beta_neutral|r21|ensemble,3,0.00042159535827142786,-0.01010281408323499,0.012233479277184989,0.00916408544875652,0.06093508672880138,-0.030979473236863987,0.1637647383057803,0.07987774575772685
liquidity_change|liq_20d_252d|q10_minus_q1|beta_neutral|r63|ensemble,3,0.01624698791482045,0.0006901724734726944,0.026083466426157775,0.011127938874337844,0.19604322128085516,0.05781272534340687,0.28355650661855464,0.09889132177754492
low_volatility|60d|continuous_high_minus_low|unconstrained_beta|r1|ensemble,1,-0.08492145232312609,-0.08492145232312609,-0.08492145232312609,0.0,-0.43577781852936615,-0.43577781852936615,-0.43577781852936615,0.0
low_volatility|60d|continuous_high_minus_low|unconstrained_beta|r5|ensemble,3,-0.07602469282345133,-0.08126598039216548,-0.0687706151017089,0.005296038241653377,-0.3814895154931037,-0.41496380094042445,-0.33669262778222064,0.03294181869503163
low_volatility|60d|continuous_high_minus_low|unconstrained_beta|r21|ensemble,3,-0.06675517793171182,-0.0697655946954927,-0.06250992240635711,0.00308812944106368,-0.3342974140704842,-0.356979814082369,-0.29873032972286057,0.025465819246732548
low_volatility|60d|continuous_high_minus_low|unconstrained_beta|r63|ensemble,3,-0.06224027354252474,-0.06997945112719184,-0.05078280589565798,0.008266279202330898,-0.30127345376922077,-0.3418945860287473,-0.25172596847847706,0.03734840230014456
low_volatility|60d|continuous_high_minus_low|beta_neutral|r1|ensemble,1,0.013029763152491158,0.013029763152491158,0.013029763152491158,0.0,0.16725076082499846,0.16725076082499846,0.16725076082499846,0.0
low_volatility|60d|continuous_high_minus_low|beta_neutral|r5|ensemble,3,0.0229755736715751,0.02129788519826148,0.025803879159769227,0.0020114563598688834,0.24747311843051234,0.23340274555865242,0.270209203455299,0.01622754368478564
low_volatility|60d|continuous_high_minus_low|beta_neutral|r21|ensemble,3,0.02769442743329879,0.025249041585604814,0.03130294630479802,0.0026047519921056084,0.2858528256627861,0.2662430504335533,0.3171613314588525,0.022372796849438423
low_volatility|60d|continuous_high_minus_low|beta_neutral|r63|ensemble,3,0.031213138738336605,0.028198317092890113,0.03687455198948508,0.0040060452935326155,0.31185015558533474,0.2868828727453661,0.35777541396331547,0.03251528516532491
low_volatility|60d|long_q1|unconstrained_beta|r1|ensemble,1,0.13957138768944377,0.13957138768944377,0.13957138768944377,0.0,0.577224339039526,0.577224339039526,0.577224339039526,0.0
low_volatility|60d|long_q1|unconstrained_beta|r5|ensemble,3,0.15557847086260326,0.1481223517305168,0.16394129897848098,0.006489805538660057,0.6247497020387865,0.6037766267745365,0.6487652054111452,0.018492076294642876
low_volatility|60d|long_q1|unconstrained_beta|r21|ensemble,3,0.16278638161919656,0.1578134899898429,0.17123157296624014,0.0060029929583762616,0.6533000380467362,0.6397149875590348,0.6757787348377913,0.016009813144305593
low_volatility|60d|long_q1|unconstrained_beta|r63|ensemble,3,0.16925288857228127,0.1660315127239913,0.17407199021220032,0.0034714901064265957,0.6879337832386012,0.6816946786762716,0.6993989845651681,0.008117662935179591
low_volatility|60d|long_q10|unconstrained_beta|r1|ensemble,1,0.09976212734578471,0.09976212734578471,0.09976212734578471,0.0,0.7990725318089761,0.7990725318089761,0.7990725318089761,0.0
low_volatility|60d|long_q10|unconstrained_beta|r5|ensemble,3,0.11030654852780075,0.1044759477951458,0.11354505783071911,0.004131294606974072,0.8684145851562266,0.8266243513361051,0.8950697334363259,0.029922073161677228
low_volatility|60d|long_q10|unconstrained_beta|r21|ensemble,3,0.11838037682735776,0.1168241998862023,0.12023486332785138,0.0014082844700662783,0.9123461722533857,0.9040286524420275,0.9242141900928494,0.00861465842808543
low_volatility|60d|long_q10|unconstrained_beta|r63|ensemble,3,0.12185432564542557,0.1188481487693136,0.12759460361805708,0.004060508975466753,0.9210898118966718,0.9057588578444474,0.9500394823366548,0.020482439688549854
low_volatility|60d|middle_minus_q1|unconstrained_beta|r1|ensemble,1,-0.10657940760863926,-0.10657940760863926,-0.10657940760863926,0.0,-0.5121720772250662,-0.5121720772250662,-0.5121720772250662,0.0
low_volatility|60d|middle_minus_q1|unconstrained_beta|r5|ensemble,3,-0.09882638468356393,-0.10853498269262529,-0.08170133770457688,0.012145339636496732,-0.466754135299954,-0.526215253261849,-0.36895133995210777,0.06969240884510416
low_volatility|60d|middle_minus_q1|unconstrained_beta|r21|ensemble,3,-0.08372869009274164,-0.0844075958675351,-0.08327356721114698,0.0004892608955309901,-0.3895704935174174,-0.4071958787314156,-0.36529098987995534,0.01774284637834678
low_volatility|60d|middle_minus_q1|unconstrained_beta|r63|ensemble,3,-0.08310201327311166,-0.0873687152377135,-0.07499799447953925,0.005733087205197929,-0.35548752068455886,-0.37168506862310113,-0.3408934133230362,0.01262166854507304
low_volatility|60d|middle_minus_q1|beta_neutral|r1|ensemble,1,-0.029386378596454876,-0.029386378596454876,-0.029386378596454876,0.0,-0.15744717745743594,-0.15744717745743594,-0.15744717745743594,0.0
low_volatility|60d|middle_minus_q1|beta_neutral|r5|ensemble,3,-0.020403727237059337,-0.026180921956555525,-0.009966683060893544,0.007394188414357024,-0.08955328759714498,-0.1335936290684173,-0.009339103904136893,0.05681083759144596
low_volatility|60d|middle_minus_q1|beta_neutral|r21|ensemble,3,-0.008429280560974028,-0.010180750307039355,-0.00655990152208219,0.0014805547230419146,0.0003129789161125778,-0.009955607084243907,0.013391949225196749,0.00973655624875252
low_volatility|60d|middle_minus_q1|beta_neutral|r63|ensemble,3,-0.008466238382744776,-0.01116072254766709,-0.006868083289044424,0.001916270862112477,0.004353918363648164,-0.010601629886441267,0.013692183791786603,0.010683718000909987
low_volatility|60d|q10_minus_middle|unconstrained_beta|r1|ensemble,1,-0.07147374281271657,-0.07147374281271657,-0.07147374281271657,0.0,-0.6034059917155304,-0.6034059917155304,-0.6034059917155304,0.0
low_volatility|60d|q10_minus_middle|unconstrained_beta|r5|ensemble,3,-0.049194837567489026,-0.05414732543329248,-0.045052826927862055,0.003756783266477861,-0.39329647080051244,-0.43741092147289545,-0.35608233239025394,0.03355885956077182
low_volatility|60d|q10_minus_middle|unconstrained_beta|r21|ensemble,3,-0.03385585683783857,-0.0355485178258782,-0.03230826009260035,0.0013268007311879673,-0.25791092473068095,-0.27147286555824807,-0.24799566786243843,0.009925335622752817
low_volatility|60d|q10_minus_middle|unconstrained_beta|r63|ensemble,3,-0.020408865953219002,-0.027365490243019708,-0.013169287458610568,0.005799028118890857,-0.13547495137694435,-0.19641427447744345,-0.07444349364981909,0.04979440537863106
low_volatility|60d|q10_minus_middle|beta_neutral|r1|ensemble,1,-0.0010559318911800286,-0.0010559318911800286,-0.0010559318911800286,0.0,0.04128035896423871,0.04128035896423871,0.04128035896423871,0.0
low_volatility|60d|q10_minus_middle|beta_neutral|r5|ensemble,3,0.023748098449385857,0.016287294041138045,0.028456521288539705,0.005335680286282895,0.27753020894047475,0.20673400171546635,0.3248749446370399,0.05100195575489673
low_volatility|60d|q10_minus_middle|beta_neutral|r21|ensemble,3,0.03471725935484393,0.03007007687863439,0.040878390539765386,0.0045404802659928375,0.37725115998053393,0.325311564100162,0.4441053576060216,0.04963080597632724
low_volatility|60d|q10_minus_middle|beta_neutral|r63|ensemble,3,0.04734016949026176,0.0425039771745197,0.05288455116774782,0.004267335486872849,0.4875391782610596,0.45341503867006017,0.5171530201435991,0.026215639856702607
low_volatility|60d|q10_minus_q1|unconstrained_beta|r1|ensemble,1,-0.1459236863463943,-0.1459236863463943,-0.1459236863463943,0.0,-0.44574424136632074,-0.44574424136632074,-0.44574424136632074,0.0
low_volatility|60d|q10_minus_q1|unconstrained_beta|r5|ensemble,3,-0.13656522555464956,-0.14594795185474085,-0.12054793155462828,0.011381369988867723,-0.4049088929065196,-0.44776915697808145,-0.34024834565492096,0.046523259250579985
low_volatility|60d|q10_minus_q1|unconstrained_beta|r21|ensemble,3,-0.11529392329529657,-0.12040016022528188,-0.11071043993938179,0.003973044448039697,-0.3245600587069602,-0.35398272650075685,-0.2895102954547716,0.026619813970276893
low_volatility|60d|q10_minus_q1|unconstrained_beta|r63|ensemble,3,-0.10579595521650582,-0.11800134431143361,-0.08935936237827802,0.012069744435372,-0.25371348256300563,-0.2925556165420949,-0.23004237972567984,0.02768388621255531
low_volatility|60d|q10_minus_q1|beta_neutral|r1|ensemble,1,0.014913696491791528,0.014913696491791528,0.014913696491791528,0.0,0.1722203548697646,0.1722203548697646,0.1722203548697646,0.0
low_volatility|60d|q10_minus_q1|beta_neutral|r5|ensemble,3,0.03233469457043592,0.02900815301994708,0.034168116944246485,0.002356319245750474,0.2658736342561078,0.24753901093411224,0.2767940804342604,0.013043319871485633
low_volatility|60d|q10_minus_q1|beta_neutral|r21|ensemble,3,0.04313044182804789,0.03781596798923181,0.04996634425032598,0.005075691711315255,0.32364652292045143,0.2922586373927644,0.3632683887609053,0.029568508261150296
low_volatility|60d|q10_minus_q1|beta_neutral|r63|ensemble,3,0.051067549370331276,0.04707955312416723,0.05685023827683766,0.004185870152227898,0.3619180398071616,0.3432670135394158,0.38997751851612455,0.02019665074212005
short_term_reversal|reversal_5d|continuous_high_minus_low|unconstrained_beta|r1|ensemble,1,-0.1943258254367599,-0.1943258254367599,-0.1943258254367599,0.0,-1.5765858492208755,-1.5765858492208755,-1.5765858492208755,0.0
short_term_reversal|reversal_5d|continuous_high_minus_low|unconstrained_beta|r5|ensemble,3,-0.07176857622746151,-0.09438822133059077,-0.04963488280730399,0.018273704952264304,-0.5385458574436632,-0.7536257558446997,-0.3332750147986704,0.17174758524378228
short_term_reversal|reversal_5d|continuous_high_minus_low|unconstrained_beta|r21|ensemble,3,-0.0096502047229761,-0.01553103070331574,-0.0024055329525145552,0.005444552586821478,-0.030723416335411202,-0.08470029946597689,0.03753608870570868,0.05091449443131514
short_term_reversal|reversal_5d|continuous_high_minus_low|unconstrained_beta|r63|ensemble,3,-0.016964440174598194,-0.03181604949105499,-0.008860462420813842,0.010516261795081482,-0.1036303462901391,-0.23188671095255428,-0.03176380763533877,0.09091077481393393
short_term_reversal|reversal_5d|continuous_high_minus_low|beta_neutral|r1|ensemble,1,-0.196497670893779,-0.196497670893779,-0.196497670893779,0.0,-1.934692283202155,-1.934692283202155,-1.934692283202155,0.0
short_term_reversal|reversal_5d|continuous_high_minus_low|beta_neutral|r5|ensemble,3,-0.07998230188134954,-0.09963487336950638,-0.0550325470748787,0.01859008680370584,-0.7502235872293096,-0.9628607589780442,-0.4707313300169584,0.2063977479716477
short_term_reversal|reversal_5d|continuous_high_minus_low|beta_neutral|r21|ensemble,3,-0.007499112780898727,-0.018350466170218405,0.004883099057488627,0.009546632355298238,-0.027346191821630016,-0.14014693271750625,0.09878444485456353,0.09799767136096427
short_term_reversal|reversal_5d|continuous_high_minus_low|beta_neutral|r63|ensemble,3,-0.010002088471503709,-0.017544890024967397,0.0012892855257289337,0.008133076035271027,-0.06168668422699208,-0.14199671160541277,0.060659787352078096,0.08791174029749994
short_term_reversal|reversal_5d|long_q1|unconstrained_beta|r1|ensemble,1,-0.13390527552883735,-0.13390527552883735,-0.13390527552883735,0.0,-0.609897258063744,-0.609897258063744,-0.609897258063744,0.0
short_term_reversal|reversal_5d|long_q1|unconstrained_beta|r5|ensemble,3,0.006040683046614463,-0.01501555636227836,0.02786617716596851,0.017514842890228238,0.1318228617776935,0.028955142017457906,0.23764317286039108,0.08522210941969369
short_term_reversal|reversal_5d|long_q1|unconstrained_beta|r21|ensemble,3,0.096371239118853,0.09245215737157242,0.10130053794260063,0.0036822876574783983,0.5505010864722443,0.5288737474372295,0.5849582064066989,0.024628155877914087
short_term_reversal|reversal_5d|long_q1|unconstrained_beta|r63|ensemble,3,0.12778439222075008,0.11424473917337408,0.14719965123913514,0.014080686925961844,0.6805841799230437,0.6011805695820246,0.7967785617674557,0.08398338838764145
short_term_reversal|reversal_5d|long_q10|unconstrained_beta|r1|ensemble,1,-0.02246016272956075,-0.02246016272956075,-0.02246016272956075,0.0,0.03949878126779939,0.03949878126779939,0.03949878126779939,0.0
short_term_reversal|reversal_5d|long_q10|unconstrained_beta|r5|ensemble,3,0.08828369301290258,0.06768775856766873,0.10842229738993625,0.016632949755613902,0.4692523916699485,0.3902688874784372,0.5434575634737205,0.06263022145153656
short_term_reversal|reversal_5d|long_q10|unconstrained_beta|r21|ensemble,3,0.1456645900450598,0.1413834752316958,0.15387819402192782,0.0058096386966002035,0.6987659781415462,0.6857488389640934,0.7216560784149054,0.016236563303142895
short_term_reversal|reversal_5d|long_q10|unconstrained_beta|r63|ensemble,3,0.13030390368609832,0.11090349013187151,0.14749095760669806,0.015018542199698788,0.6623157303758679,0.5802727096946005,0.7370547820846701,0.06421404585599791
short_term_reversal|reversal_5d|middle_minus_q1|unconstrained_beta|r1|ensemble,1,-0.29030105166739184,-0.29030105166739184,-0.29030105166739184,0.0,-2.8553897543389217,-2.8553897543389217,-2.8553897543389217,0.0
short_term_reversal|reversal_5d|middle_minus_q1|unconstrained_beta|r5|ensemble,3,-0.117682541559516,-0.1314137606958825,-0.10229809816769897,0.011943765847863207,-1.0311859118881301,-1.2114365985753972,-0.8597615904809178,0.1437063124862782
short_term_reversal|reversal_5d|middle_minus_q1|unconstrained_beta|r21|ensemble,3,-0.03250904210540939,-0.03666502735370636,-0.028341949000475597,0.003397891587133009,-0.25430170908434896,-0.2763586512674909,-0.21090645309767148,0.030686482238915815
short_term_reversal|reversal_5d|middle_minus_q1|unconstrained_beta|r63|ensemble,3,-0.02878045381734262,-0.04224310602026182,-0.017744570713865038,0.01014762580561568,-0.20535560246634554,-0.3599997325851958,-0.08122250771520619,0.1158371780732492
short_term_reversal|reversal_5d|middle_minus_q1|beta_neutral|r1|ensemble,1,-0.2829052194485505,-0.2829052194485505,-0.2829052194485505,0.0,-3.236966573463736,-3.236966573463736,-3.236966573463736,0.0
short_term_reversal|reversal_5d|middle_minus_q1|beta_neutral|r5|ensemble,3,-0.10637255810109265,-0.11549638027136633,-0.08998506852092392,0.011612562306635692,-1.0913044472275493,-1.2300638590738338,-0.8687530679069458,0.1589595175158833
short_term_reversal|reversal_5d|middle_minus_q1|beta_neutral|r21|ensemble,3,-0.009941263508890205,-0.016109348566629822,-0.0038275439417269075,0.005014173106704358,-0.058422140885839545,-0.11901572063220357,0.00037759866567493324,0.048758620230852756
short_term_reversal|reversal_5d|middle_minus_q1|beta_neutral|r63|ensemble,3,-0.002083060183388515,-0.010318190521034665,0.008392407281204495,0.0078011089109635175,0.021960638000429824,-0.07254034597504692,0.1323664889321336,0.0844054751091069
short_term_reversal|reversal_5d|q10_minus_middle|unconstrained_beta|r1|ensemble,1,-0.28956581853769325,-0.28956581853769325,-0.28956581853769325,0.0,-2.4112587142985773,-2.4112587142985773,-2.4112587142985773,0.0
short_term_reversal|reversal_5d|q10_minus_middle|unconstrained_beta|r5|ensemble,3,-0.08731763150349381,-0.10859116357790566,-0.06662157470422903,0.01713887794511677,-0.6536129859960831,-0.8312574016543111,-0.4695222215224957,0.14774810026085208
short_term_reversal|reversal_5d|q10_minus_middle|unconstrained_beta|r21|ensemble,3,0.0006907657492757716,-0.009579229961075741,0.013374195101274022,0.0095248246521113,0.06300738213903274,-0.024296945501006407,0.17031291539944995,0.08069814396719512
short_term_reversal|reversal_5d|q10_minus_middle|unconstrained_beta|r63|ensemble,3,-0.0006710547398476688,-0.020480028199326594,0.014811231050578133,0.014728847307243671,0.04453852755159846,-0.1435915806284127,0.18824488598936645,0.1390658412412725
short_term_reversal|reversal_5d|q10_minus_middle|beta_neutral|r1|ensemble,1,-0.31454123541610024,-0.31454123541610024,-0.31454123541610024,0.0,-3.2662633929139138,-3.2662633929139138,-3.2662633929139138,0.0
short_term_reversal|reversal_5d|q10_minus_middle|beta_neutral|r5|ensemble,3,-0.10978758004376703,-0.1292092223910415,-0.08901896603144843,0.01643522489577952,-1.0387661659104346,-1.2172951905557607,-0.8181949286429825,0.16562188964895325
short_term_reversal|reversal_5d|q10_minus_middle|beta_neutral|r21|ensemble,3,-0.018931392110917915,-0.028502892951460246,-0.014109177047550547,0.006768138637546419,-0.13829261765324005,-0.23382308873235233,-0.08459413385741886,0.06772373593415286
short_term_reversal|reversal_5d|q10_minus_middle|beta_neutral|r63|ensemble,3,-0.014818671262427049,-0.026526323217588632,-0.008903456479360083,0.008278711828653786,-0.10981923419177557,-0.2539209926004303,-0.032940398412634,0.10197155403032097
short_term_reversal|reversal_5d|q10_minus_q1|unconstrained_beta|r1|ensemble,1,-0.2584710491438551,-0.2584710491438551,-0.2584710491438551,0.0,-1.320694026333063,-1.320694026333063,-1.320694026333063,0.0
short_term_reversal|reversal_5d|q10_minus_q1|unconstrained_beta|r5|ensemble,3,-0.09979569904726678,-0.13204707884696854,-0.06584240749953751,0.02705472238204012,-0.44362972392511346,-0.6429983275361235,-0.24021082857779902,0.1644622468869121
short_term_reversal|reversal_5d|q10_minus_q1|unconstrained_beta|r21|ensemble,3,-0.006250198394940232,-0.011976715049853981,0.0012519834346473857,0.0055446283919889155,0.05111635564703665,0.01771678676379547,0.09837092305914012,0.03435348758193351
short_term_reversal|reversal_5d|q10_minus_q1|unconstrained_beta|r63|ensemble,3,-0.019908320921570282,-0.05421685295758061,-0.0021397122327679874,0.024264980867725435,-0.039318976412077204,-0.250448558624558,0.06808458447632434,0.1492987082735465
short_term_reversal|reversal_5d|q10_minus_q1|beta_neutral|r1|ensemble,1,-0.27100319514239235,-0.27100319514239235,-0.27100319514239235,0.0,-1.713902685392023,-1.713902685392023,-1.713902685392023,0.0
short_term_reversal|reversal_5d|q10_minus_q1|beta_neutral|r5|ensemble,3,-0.1073219836572612,-0.13777723488527116,-0.0687961548674424,0.028733813028583625,-0.6145548936246152,-0.8195087575848875,-0.33955908386731415,0.20210117590566154
short_term_reversal|reversal_5d|q10_minus_q1|beta_neutral|r21|ensemble,3,0.0001911734874753268,-0.007947339805934317,0.010083275073561104,0.007464675574925255,0.07910308005898574,0.026344609388526515,0.14150231320131784,0.04750461319800389
short_term_reversal|reversal_5d|q10_minus_q1|beta_neutral|r63|ensemble,3,-0.009010854176010774,-0.033022687159556474,0.009338914230783368,0.017751442186331214,0.005777252105617169,-0.1710833804558084,0.1369273596458107,0.12983256673571106
volatility_scaled_momentum|vsmom_12m_1m_vol60|continuous_high_minus_low|unconstrained_beta|r1|ensemble,1,-0.036224673910228655,-0.036224673910228655,-0.036224673910228655,0.0,-0.18005719574529916,-0.18005719574529916,-0.18005719574529916,0.0
volatility_scaled_momentum|vsmom_12m_1m_vol60|continuous_high_minus_low|unconstrained_beta|r5|ensemble,3,-0.02030756948653667,-0.022019117531062116,-0.019173248290207057,0.0012314317032678693,-0.06742903297873894,-0.08009270304877482,-0.05879200416903113,0.009150239453001974
volatility_scaled_momentum|vsmom_12m_1m_vol60|continuous_high_minus_low|unconstrained_beta|r21|ensemble,3,-0.014044174801345307,-0.01629750486858539,-0.010477868600792917,0.002550813114458104,-0.02455621811948856,-0.04120204797568814,0.001997522021224007,0.018976752912164163
volatility_scaled_momentum|vsmom_12m_1m_vol60|continuous_high_minus_low|unconstrained_beta|r63|ensemble,3,-0.007350647203993514,-0.014045421627269739,0.004890031570618181,0.008668165444428336,0.01830133278685754,-0.03069777540911353,0.10483091258936918,0.061364531242428785
volatility_scaled_momentum|vsmom_12m_1m_vol60|continuous_high_minus_low|beta_neutral|r1|ensemble,1,-0.016265988852690483,-0.016265988852690483,-0.016265988852690483,0.0,-0.06395534336007248,-0.06395534336007248,-0.06395534336007248,0.0
volatility_scaled_momentum|vsmom_12m_1m_vol60|continuous_high_minus_low|beta_neutral|r5|ensemble,3,0.0013427239513853866,-0.0008099365427267635,0.0029006612625173123,0.0015721335325709744,0.07489902894874341,0.0579255399431231,0.0870432455479818,0.012368012475847692
volatility_scaled_momentum|vsmom_12m_1m_vol60|continuous_high_minus_low|beta_neutral|r21|ensemble,3,0.009341062971834457,0.007638714460071361,0.011274030658969592,0.0014930438416268803,0.13700514090293323,0.12388276175221817,0.15177495421916187,0.01144637146728266
volatility_scaled_momentum|vsmom_12m_1m_vol60|continuous_high_minus_low|beta_neutral|r63|ensemble,3,0.01698600509303853,0.00986308537264513,0.029896018039596184,0.009145032670467824,0.19828998419797095,0.1412831909789085,0.3013416789367668,0.07300584272878634
volatility_scaled_momentum|vsmom_12m_1m_vol60|long_q1|unconstrained_beta|r1|ensemble,1,0.05173055179373698,0.05173055179373698,0.05173055179373698,0.0,0.32622489317441394,0.32622489317441394,0.32622489317441394,0.0
volatility_scaled_momentum|vsmom_12m_1m_vol60|long_q1|unconstrained_beta|r5|ensemble,3,0.07337162007593905,0.07019776318017978,0.07869874738239258,0.00378982085748535,0.4085200399897034,0.3965861120019962,0.42828239479965713,0.014074250381003737
volatility_scaled_momentum|vsmom_12m_1m_vol60|long_q1|unconstrained_beta|r21|ensemble,3,0.08951843075410608,0.08060241076584562,0.09624172478400839,0.0065702902567044835,0.4718097210502668,0.437373315010207,0.4978271409077095,0.025387999299783474
volatility_scaled_momentum|vsmom_12m_1m_vol60|long_q1|unconstrained_beta|r63|ensemble,3,0.08753063392581513,0.08532218909084,0.09149434268609657,0.0028088649648889547,0.4744351284968309,0.46382704470010455,0.49053638345201017,0.011575214646621937
volatility_scaled_momentum|vsmom_12m_1m_vol60|long_q10|unconstrained_beta|r1|ensemble,1,0.11313179118509376,0.11313179118509376,0.11313179118509376,0.0,0.6785048053488281,0.6785048053488281,0.6785048053488281,0.0
volatility_scaled_momentum|vsmom_12m_1m_vol60|long_q10|unconstrained_beta|r5|ensemble,3,0.12838553386364837,0.12003572841225174,0.1361678830076365,0.006598136502981309,0.7539059449734101,0.712489274189774,0.7917478249157642,0.03245575257654925
volatility_scaled_momentum|vsmom_12m_1m_vol60|long_q10|unconstrained_beta|r21|ensemble,3,0.13307606453690535,0.12576567876385325,0.14082834822556856,0.006157242789544078,0.7735044062114219,0.7390853163922602,0.814370838400068,0.031071461973103624
volatility_scaled_momentum|vsmom_12m_1m_vol60|long_q10|unconstrained_beta|r63|ensemble,3,0.13079368785230985,0.12036716990418705,0.1465888643383404,0.011358144966557824,0.7569099442542228,0.702445614201603,0.8375018447306039,0.05814942707291339
volatility_scaled_momentum|vsmom_12m_1m_vol60|middle_minus_q1|unconstrained_beta|r1|ensemble,1,-0.054640563771298556,-0.054640563771298556,-0.054640563771298556,0.0,-0.3455653954077841,-0.3455653954077841,-0.3455653954077841,0.0
volatility_scaled_momentum|vsmom_12m_1m_vol60|middle_minus_q1|unconstrained_beta|r5|ensemble,3,-0.017984158927852545,-0.024599634051873265,-0.012982878821832577,0.004877941484258379,-0.06429602179479303,-0.11316537267464905,-0.026038132314507596,0.03635236203210091
volatility_scaled_momentum|vsmom_12m_1m_vol60|middle_minus_q1|unconstrained_beta|r21|ensemble,3,-0.004737947493817285,-0.01631134465502293,0.006722105361221864,0.009403708137804544,0.03370909043458214,-0.05107689240833326,0.11857984992549372,0.06926210096506205
volatility_scaled_momentum|vsmom_12m_1m_vol60|middle_minus_q1|unconstrained_beta|r63|ensemble,3,0.01401450890790031,0.013400233027909048,0.014333736783898487,0.0004344707961852945,0.17274134613724854,0.1693883724724759,0.17546814353302734,0.002521239982901004
volatility_scaled_momentum|vsmom_12m_1m_vol60|middle_minus_q1|beta_neutral|r1|ensemble,1,-0.047199210766852295,-0.047199210766852295,-0.047199210766852295,0.0,-0.35884277812175475,-0.35884277812175475,-0.35884277812175475,0.0
volatility_scaled_momentum|vsmom_12m_1m_vol60|middle_minus_q1|beta_neutral|r5|ensemble,3,-0.011232642688868588,-0.016297699351545125,-0.006641933688609991,0.003956194039141686,-0.038048715615018526,-0.08138949424474735,0.0018808618159482304,0.034080446689488314
volatility_scaled_momentum|vsmom_12m_1m_vol60|middle_minus_q1|beta_neutral|r21|ensemble,3,0.006459147290282778,-0.001408275992779151,0.0159352427767101,0.007171251890723909,0.11279035079194988,0.04628983029993158,0.19222548736249986,0.060275933397419025
volatility_scaled_momentum|vsmom_12m_1m_vol60|middle_minus_q1|beta_neutral|r63|ensemble,3,0.022831437172929903,0.018053819845677888,0.03009390703676984,0.005219948530315518,0.2573755498493908,0.21718018884634877,0.3179926015226074,0.04361627926033495
volatility_scaled_momentum|vsmom_12m_1m_vol60|q10_minus_middle|unconstrained_beta|r1|ensemble,1,-0.0665817330131353,-0.0665817330131353,-0.0665817330131353,0.0,-0.5542933790630328,-0.5542933790630328,-0.5542933790630328,0.0
volatility_scaled_momentum|vsmom_12m_1m_vol60|q10_minus_middle|unconstrained_beta|r5|ensemble,3,-0.03291929384984386,-0.0380272482618883,-0.027562472582164488,0.004275849509404337,-0.24016662847217685,-0.28777330130296785,-0.1902199905742852,0.03986032853116129
volatility_scaled_momentum|vsmom_12m_1m_vol60|q10_minus_middle|unconstrained_beta|r21|ensemble,3,-0.022860592370653743,-0.02965248364130646,-0.014136090440086124,0.006480270182938965,-0.1517245186784608,-0.21546428013227098,-0.0703297015270363,0.060551835757991446
volatility_scaled_momentum|vsmom_12m_1m_vol60|q10_minus_middle|unconstrained_beta|r63|ensemble,3,-0.01856233126793057,-0.033376529732226046,-0.0006399494518142257,0.013544162947566855,-0.1169237622974773,-0.2528691203535693,0.04844457856785327,0.12475781933402538
volatility_scaled_momentum|vsmom_12m_1m_vol60|q10_minus_middle|beta_neutral|r1|ensemble,1,-0.051395781499966264,-0.051395781499966264,-0.051395781499966264,0.0,-0.4149429597902886,-0.4149429597902886,-0.4149429597902886,0.0
volatility_scaled_momentum|vsmom_12m_1m_vol60|q10_minus_middle|beta_neutral|r5|ensemble,3,-0.013892460787494251,-0.018586181387833633,-0.008304340537139465,0.004244920562288659,-0.06849698428632946,-0.11089193712614702,-0.018140759297340936,0.03828168959901131
volatility_scaled_momentum|vsmom_12m_1m_vol60|q10_minus_middle|beta_neutral|r21|ensemble,3,-0.0034594863474504875,-0.010838275059524283,0.005450425628474864,0.0067373929855514365,0.024303624379427183,-0.04275491308628842,0.10490678482233497,0.06103871375889294
volatility_scaled_momentum|vsmom_12m_1m_vol60|q10_minus_middle|beta_neutral|r63|ensemble,3,0.003276321628989202,-0.00994919867608024,0.01938892735876263,0.012149975486840428,0.0833602615416205,-0.0365763235453226,0.22838691034416964,0.10961603380659941
volatility_scaled_momentum|vsmom_12m_1m_vol60|q10_minus_q1|unconstrained_beta|r1|ensemble,1,-0.060224562879607646,-0.060224562879607646,-0.060224562879607646,0.0,-0.16443089831228389,-0.16443089831228389,-0.16443089831228389,0.0
volatility_scaled_momentum|vsmom_12m_1m_vol60|q10_minus_q1|unconstrained_beta|r5|ensemble,3,-0.0277404023665138,-0.02923805979172811,-0.02654887920534621,0.001118991122175357,-0.011753224816940017,-0.018086401473503044,-0.0053527418962700845,0.005198712607117599
volatility_scaled_momentum|vsmom_12m_1m_vol60|q10_minus_q1|unconstrained_beta|r21|ensemble,3,-0.022048995578730968,-0.04413281545843328,0.0019445168613314578,0.018859397881566105,0.01459190228730677,-0.08496480005787935,0.12457928701576315,0.08586338163275062
volatility_scaled_momentum|vsmom_12m_1m_vol60|q10_minus_q1|unconstrained_beta|r63|ensemble,3,-0.0009496127416623867,-0.015538276596779865,0.01737933019168958,0.013696337098104767,0.10282758219246556,0.03513011915527313,0.18888178803474376,0.06409691321540452
volatility_scaled_momentum|vsmom_12m_1m_vol60|q10_minus_q1|beta_neutral|r1|ensemble,1,-0.03227795292044078,-0.03227795292044078,-0.03227795292044078,0.0,-0.06794383488794123,-0.06794383488794123,-0.06794383488794123,0.0
volatility_scaled_momentum|vsmom_12m_1m_vol60|q10_minus_q1|beta_neutral|r5|ensemble,3,0.001525689254565495,0.0003316253813476777,0.003642384762435835,0.0015008261657749264,0.10714635543501012,0.10084598868927985,0.1178889497900022,0.007633944824250414
volatility_scaled_momentum|vsmom_12m_1m_vol60|q10_minus_q1|beta_neutral|r21|ensemble,3,0.010518693672627219,-0.007007423682076297,0.030341505332399876,0.015333878139168354,0.1511881060576349,0.06287758150137614,0.2503200337033158,0.0769046825426858
volatility_scaled_momentum|vsmom_12m_1m_vol60|q10_minus_q1|beta_neutral|r63|ensemble,3,0.028666191540470825,0.014151678309903604,0.050034986909768264,0.015430248361497997,0.24346618071195994,0.16935548387664026,0.3516844285351829,0.07824514805348973
