path_key,factor_key,method,beta_neutral,rebalance_days,average_estimated_beta,maximum_absolute_estimated_beta,regression_beta,average_gross_exposure,average_net_exposure,annualized_turnover,unpriced_weight_days,maximum_unpriced_weight,average_maximum_sector_exposure,maximum_sector_exposure,average_unknown_sector_weight,average_holding_count,minimum_holding_count,maximum_position_weight
liquidity_change|liq_20d_252d|continuous_high_minus_low|unconstrained_beta|r1|ensemble,liquidity_change|liq_20d_252d,continuous_high_minus_low,False,1,-0.04655593776892617,0.41224781179171355,-0.12571026737418398,2.0,-1.2555066343711595e-18,55.64355354394387,0,0.0,,,,418.3075819182014,335.0,0.011940191473340744
liquidity_change|liq_20d_252d|continuous_high_minus_low|unconstrained_beta|r5|ensemble,liquidity_change|liq_20d_252d,continuous_high_minus_low,False,5,-0.047211867095543134,0.39429446263931406,-0.11476458620313519,2.0017695675668388,-0.00022939929776296918,38.882410638711136,6,0.01316925749304291,,,,418.00374710994174,111.66666666666667,0.016196720010999376
liquidity_change|liq_20d_252d|continuous_high_minus_low|unconstrained_beta|r21|ensemble,liquidity_change|liq_20d_252d,continuous_high_minus_low,False,21,-0.04892054661528083,0.41948541440749043,-0.08576879822601062,2.0052906472826693,-0.00023963674030987817,24.490523367699208,8,0.014830269482343943,,,,416.8053097345133,111.66666666666667,0.01916063341645764
liquidity_change|liq_20d_252d|continuous_high_minus_low|unconstrained_beta|r63|ensemble,liquidity_change|liq_20d_252d,continuous_high_minus_low,False,63,-0.059601174478066545,0.4057200047922685,-0.06730926780168714,2.021705941278415,-0.0004098802377308586,9.02602460880018,4,0.008163278168518565,,,,413.81974009407634,111.66666666666667,0.022649260263683677
liquidity_change|liq_20d_252d|continuous_high_minus_low|beta_neutral|r1|ensemble,liquidity_change|liq_20d_252d,continuous_high_minus_low,True,1,-5.707036931849074e-19,6.036837696399289e-16,-0.04018355276192574,2.0,0.04590437139907518,55.72385502552808,0,0.0,,,,418.3075819182014,335.0,0.01427225786266247
liquidity_change|liq_20d_252d|continuous_high_minus_low|beta_neutral|r5|ensemble,liquidity_change|liq_20d_252d,continuous_high_minus_low,True,5,-0.0004001638355147641,0.11184564316078083,-0.0331186213565796,2.0014187650739834,0.04584867068198484,38.99764031000627,6,0.012965910076114659,,,,418.00374710994174,111.66666666666667,0.015668413403449023
liquidity_change|liq_20d_252d|continuous_high_minus_low|beta_neutral|r21|ensemble,liquidity_change|liq_20d_252d,continuous_high_minus_low,True,21,-0.0005127725621433519,0.11119108774750214,-0.01873571707251905,2.0036395192831913,0.0471265269750978,24.514636450834665,8,0.014997760791999359,,,,416.8053097345133,111.66666666666667,0.016877364346259506
liquidity_change|liq_20d_252d|continuous_high_minus_low|beta_neutral|r63|ensemble,liquidity_change|liq_20d_252d,continuous_high_minus_low,True,63,0.0009898393288596493,0.1142095781986034,0.007886686998342312,2.016374959583634,0.05828693471374857,9.02154306163569,4,0.008096258831557675,,,,413.81974009407634,111.66666666666667,0.02288286725835185
liquidity_change|liq_20d_252d|long_q1|unconstrained_beta|r1|ensemble,liquidity_change|liq_20d_252d,long_q1,False,1,1.081880579885943,1.5872386726178855,1.1607239283013455,1.0,1.0,43.75513634945728,0,0.0,,,,41.477636928964365,33.0,0.030303030303030304
liquidity_change|liq_20d_252d|long_q1|unconstrained_beta|r5|ensemble,liquidity_change|liq_20d_252d,long_q1,False,5,1.081047517961286,1.5236778281122891,1.1464314956871622,0.9993085239922762,0.9993085239922762,28.463634987315974,4,0.0256846205283221,,,,41.445507454357006,11.0,0.044400838621531304
liquidity_change|liq_20d_252d|long_q1|unconstrained_beta|r21|ensemble,liquidity_change|liq_20d_252d,long_q1,False,21,1.0792789147660384,1.3972115423188702,1.1207812848590977,0.996233647743893,0.996233647743893,15.786536868563669,8,0.0239241227475009,,,,41.298174280475166,11.0,0.043552933518048904
liquidity_change|liq_20d_252d|long_q1|unconstrained_beta|r63|ensemble,liquidity_change|liq_20d_252d,long_q1,False,63,1.0730172149612172,1.344142426650154,1.0848730583222381,0.9882600688492358,0.9882600688492358,5.810168267942128,4,0.0084108276724704,,,,40.90887347524516,11.0,0.045930871323451805
liquidity_change|liq_20d_252d|long_q10|unconstrained_beta|r1|ensemble,liquidity_change|liq_20d_252d,long_q10,False,1,1.010349729440334,1.3963317311072867,0.9696482323884057,1.0,1.0,39.68683837727957,0,0.0,,,,42.350633819660366,34.0,0.029411764705882353
liquidity_change|liq_20d_252d|long_q10|unconstrained_beta|r5|ensemble,liquidity_change|liq_20d_252d,long_q10,False,5,1.0094364728417897,1.39994051256774,0.9722340031327418,0.9992011298457248,0.9992011298457248,27.980845840457732,0,0.0,,,,42.31348162321614,11.333333333333334,0.03424828109373765
liquidity_change|liq_20d_252d|long_q10|unconstrained_beta|r21|ensemble,liquidity_change|liq_20d_252d,long_q10,False,21,1.005947687411687,1.4058799804846787,0.9813601026153168,0.9964774494878035,0.9964774494878035,17.39979898885719,0,0.0,,,,42.1815355178187,11.333333333333334,0.03787434774595504
liquidity_change|liq_20d_252d|long_q10|unconstrained_beta|r63|ensemble,liquidity_change|liq_20d_252d,long_q10,False,63,0.9910621472894945,1.333246144294953,0.9754647080699014,0.9909091143909821,0.9909091143909821,6.365815547733241,0,0.0,,,,41.894124212708284,11.333333333333334,0.042499106115075465
liquidity_change|liq_20d_252d|middle_minus_q1|unconstrained_beta|r1|ensemble,liquidity_change|liq_20d_252d,middle_minus_q1,False,1,-0.10586088664884255,0.6677953862066461,-0.18402381497044162,2.0,1.3722820283710813e-17,89.34244774060691,0,0.0,,,,208.9705812006697,167.0,0.030303030303030304
liquidity_change|liq_20d_252d|middle_minus_q1|unconstrained_beta|r5|ensemble,liquidity_change|liq_20d_252d,middle_minus_q1,False,5,-0.1061725517022373,0.6464596503448404,-0.1715654545606403,2.0021605633034167,-0.00018671519230607087,58.2188379399541,6,0.026182130714842388,,,,208.8233277525313,55.666666666666664,0.047295369767219396
liquidity_change|liq_20d_252d|middle_minus_q1|unconstrained_beta|r21|ensemble,liquidity_change|liq_20d_252d,middle_minus_q1,False,21,-0.10658061255572084,0.5962685932287753,-0.14299461003597483,2.003855380601717,0.0012310433866998358,29.56450059535526,8,0.030367490422821792,,,,208.24164872837437,55.666666666666664,0.04876698873977938
liquidity_change|liq_20d_252d|middle_minus_q1|unconstrained_beta|r63|ensemble,liquidity_change|liq_20d_252d,middle_minus_q1,False,63,-0.10837830409826914,0.622495343618599,-0.12501323674740317,2.0183827034794617,0.002716592100499158,10.731120802835077,4,0.02165749039383071,,,,206.70963884238222,55.666666666666664,0.06560575405729241
liquidity_change|liq_20d_252d|middle_minus_q1|beta_neutral|r1|ensemble,liquidity_change|liq_20d_252d,middle_minus_q1,True,1,-2.135963854232445e-18,6.38378239159465e-16,-0.037816396456061274,2.0,0.09782652895843343,91.02595791451088,0,0.0,,,,208.9705812006697,167.0,0.032794703864537
liquidity_change|liq_20d_252d|middle_minus_q1|beta_neutral|r5|ensemble,liquidity_change|liq_20d_252d,middle_minus_q1,True,5,-0.0004469733387748165,0.10235649034297263,-0.03229413481542945,2.0015921728685613,0.09738510404619763,58.76027065524296,6,0.024872484835498285,,,,208.8233277525313,55.666666666666664,0.04565119276822458
liquidity_change|liq_20d_252d|middle_minus_q1|beta_neutral|r21|ensemble,liquidity_change|liq_20d_252d,middle_minus_q1,True,21,0.0006439263079478597,0.1266052077758241,-0.01516108415941117,2.0015179062189996,0.0998327970836332,29.561859225856967,8,0.030299191826098176,,,,208.24164872837437,55.666666666666664,0.04331830449865618
liquidity_change|liq_20d_252d|middle_minus_q1|beta_neutral|r63|ensemble,liquidity_change|liq_20d_252d,middle_minus_q1,True,63,0.002654549205487167,0.1808934991187321,0.008166159478547092,2.0118300708347054,0.10362465743758584,10.661790450436957,4,0.02179548162631754,,,,206.70963884238222,55.666666666666664,0.052006389551825925
liquidity_change|liq_20d_252d|q10_minus_middle|unconstrained_beta|r1|ensemble,liquidity_change|liq_20d_252d,q10_minus_middle,False,1,0.03433003620323388,0.49842889260485723,-0.006829749441596179,2.0,-6.285831298983168e-18,84.62909031991438,0,0.0,,,,209.8435780913657,168.0,0.029411764705882353
liquidity_change|liq_20d_252d|q10_minus_middle|unconstrained_beta|r5|ensemble,liquidity_change|liq_20d_252d,q10_minus_middle,False,5,0.033917404370467405,0.48238166465183924,-0.0014518791498484885,2.0010307875291016,-0.00013095758243122072,57.42075449000922,2,0.005883169237717724,,,,209.6913019213904,56.0,0.03453305588057335
liquidity_change|liq_20d_252d|q10_minus_middle|unconstrained_beta|r21|ensemble,liquidity_change|liq_20d_252d,q10_minus_middle,False,21,0.03187293372902141,0.49441462520641305,0.013101259594111105,2.0049913915090065,-0.0007750568930594832,31.09290260991614,4,0.00582442794071042,,,,209.12500996571794,56.0,0.03876568195963528
liquidity_change|liq_20d_252d|q10_minus_middle|unconstrained_beta|r63|ensemble,liquidity_change|liq_20d_252d,q10_minus_middle,False,63,0.02208084790129714,0.4042240911563683,0.023716629478594348,2.0178173560356303,0.000825386360003721,11.233717951983477,2,0.012884729256520728,,,,207.69488957984532,56.0,0.04934588366666696
liquidity_change|liq_20d_252d|q10_minus_middle|beta_neutral|r1|ensemble,liquidity_change|liq_20d_252d,q10_minus_middle,True,1,-3.424377748993083e-18,6.106226635438361e-16,-0.02541703123907009,2.0,-0.02952935544811146,86.57524557659164,0,0.0,,,,209.8435780913657,168.0,0.03213865692598928
liquidity_change|liq_20d_252d|q10_minus_middle|beta_neutral|r5|ensemble,liquidity_change|liq_20d_252d,q10_minus_middle,True,5,-0.000239471465572169,0.12026888561666477,-0.022437443088110444,2.001018548910333,-0.029512664106958818,58.041446322578715,2,0.005967908491080195,,,,209.6913019213904,56.0,0.03510597918937259
liquidity_change|liq_20d_252d|q10_minus_middle|beta_neutral|r21|ensemble,liquidity_change|liq_20d_252d,q10_minus_middle,True,21,-0.0009519381599314901,0.24306534244460967,-0.016513497418719183,2.0047917358485465,-0.02908177656363722,31.165848760424886,4,0.005948367401383696,,,,209.12500996571794,56.0,0.03890395097988703
liquidity_change|liq_20d_252d|q10_minus_middle|beta_neutral|r63|ensemble,liquidity_change|liq_20d_252d,q10_minus_middle,True,63,0.0029764536013913833,0.20048367650456958,0.006723576439306432,2.016555339201608,-0.01354887223036554,11.24710879072982,2,0.012810409936192984,,,,207.69488957984532,56.0,0.049213607743653943
liquidity_change|liq_20d_252d|q10_minus_q1|unconstrained_beta|r1|ensemble,liquidity_change|liq_20d_252d,q10_minus_q1,False,1,-0.07153085044560867,0.7557874213263868,-0.19096934284833542,2.0,5.3871441310889414e-18,85.61026393981763,0,0.0,,,,83.82827074862473,67.0,0.030303030303030304
liquidity_change|liq_20d_252d|q10_minus_q1|unconstrained_beta|r5|ensemble,liquidity_change|liq_20d_252d,q10_minus_q1,False,5,-0.07227787026719582,0.6850708867190342,-0.1722501640729083,2.0019083030752993,-0.00032635072385076686,57.31167591881966,4,0.02630332843771489,,,,83.75898907757316,22.333333333333332,0.04735384937597622
liquidity_change|liq_20d_252d|q10_minus_q1|unconstrained_beta|r21|ensemble,liquidity_change|liq_20d_252d,q10_minus_q1,False,21,-0.07497504318607158,0.7139475628632295,-0.12948943676090957,2.0035919250403853,0.00041631354312992073,33.56467616599225,8,0.02421374607788254,,,,83.47970979829387,22.333333333333332,0.04974662442859381
liquidity_change|liq_20d_252d|q10_minus_q1|unconstrained_beta|r63|ensemble,liquidity_change|liq_20d_252d,q10_minus_q1,False,63,-0.08639262758110638,0.6809082492701742,-0.10022734853208776,2.0172528333747985,0.003482263166252649,12.468034261615784,4,0.008498705416553584,,,,82.80299768795345,22.333333333333332,0.06402748133019645
liquidity_change|liq_20d_252d|q10_minus_q1|beta_neutral|r1|ensemble,liquidity_change|liq_20d_252d,q10_minus_q1,True,1,-5.406696593132808e-18,7.494005416219807e-16,-0.06506680520884522,2.0,0.06808930959512074,87.98137124789328,0,0.0,,,,83.82827074862473,67.0,0.03860229449805511
liquidity_change|liq_20d_252d|q10_minus_q1|beta_neutral|r5|ensemble,liquidity_change|liq_20d_252d,q10_minus_q1,True,5,-0.0006945909239437062,0.15603569320001376,-0.05537109936651655,2.0012819748010617,0.06767377695537931,58.136946338496415,4,0.024076114150081828,,,,83.75898907757316,22.333333333333332,0.04861959006442301
liquidity_change|liq_20d_252d|q10_minus_q1|beta_neutral|r21|ensemble,liquidity_change|liq_20d_252d,q10_minus_q1,True,21,-0.00028818749970927767,0.26740093953114535,-0.03168548705050122,2.0007793729935592,0.07074062435732792,33.74332362001496,8,0.024645619125419016,,,,83.47970979829387,22.333333333333332,0.046301474836952385
liquidity_change|liq_20d_252d|q10_minus_q1|beta_neutral|r63|ensemble,liquidity_change|liq_20d_252d,q10_minus_q1,True,63,0.006449444618683629,0.20393783810601085,0.017182310603663795,2.008784945421623,0.08988392918042411,12.472214364830528,4,0.008546827289023869,,,,82.80299768795345,22.333333333333332,0.05861392212391037
low_volatility|60d|continuous_high_minus_low|unconstrained_beta|r1|ensemble,low_volatility|60d,continuous_high_minus_low,False,1,-0.5683414226836195,0.9949564256248503,-0.6313066189427167,2.0,-6.671694210405898e-19,28.78758142147672,0,0.0,,,,419.5477158574504,335.0,0.011940191473340744
low_volatility|60d|continuous_high_minus_low|unconstrained_beta|r5|ensemble,low_volatility|60d,continuous_high_minus_low,False,5,-0.5707086520044665,1.1015892258581876,-0.6175225310281243,2.0031150791346533,-0.00046395676435701807,15.91352381343855,18,0.01224734860297428,,,,419.24053256796617,111.66666666666667,0.016777980593118903
low_volatility|60d|continuous_high_minus_low|unconstrained_beta|r21|ensemble,low_volatility|60d,continuous_high_minus_low,False,21,-0.577273302838477,1.1591736650120852,-0.5677310503284229,2.010478069154868,-0.0009690538183820365,9.010810167375432,27,0.017606197253898514,,,,418.03842780833935,111.66666666666667,0.020836129881060633
low_volatility|60d|continuous_high_minus_low|unconstrained_beta|r63|ensemble,low_volatility|60d,continuous_high_minus_low,False,63,-0.6006261908018312,1.7746041885539692,-0.5172623518919938,2.0433139964964697,-0.006369520653158845,5.644862887457824,45,0.019387911998009932,,,,415.1024475803237,111.66666666666667,0.03260402298256749
low_volatility|60d|continuous_high_minus_low|beta_neutral|r1|ensemble,low_volatility|60d,continuous_high_minus_low,True,1,-6.572972429237461e-18,4.85722573273506e-16,-0.017090028706648115,2.0,0.5718025078928263,28.11572357719679,0,0.0,,,,418.943793350873,335.0,0.017699558058300778
low_volatility|60d|continuous_high_minus_low|beta_neutral|r5|ensemble,low_volatility|60d,continuous_high_minus_low,True,5,-0.0008872995181293875,0.1651976189710266,-0.009368370792036416,2.000750716650204,0.5718572516503622,15.611553139165675,18,0.013108993553917885,,,,418.6382045762577,111.66666666666667,0.018052290382989174
low_volatility|60d|continuous_high_minus_low|beta_neutral|r21|ensemble,low_volatility|60d,continuous_high_minus_low,True,21,-0.003056148083227828,0.3163133328800305,0.020050902146754472,2.0008550736844595,0.5727003988250383,8.808519904205161,27,0.019388617070387693,,,,417.4510085306546,111.66666666666667,0.01782471704210904
low_volatility|60d|continuous_high_minus_low|beta_neutral|r63|ensemble,low_volatility|60d,continuous_high_minus_low,True,63,-0.011872870776903908,0.41989728360390016,0.05583874182301793,2.0093765717059675,0.5714677145444322,5.417931312459112,45,0.019535992082962104,,,,414.5202902017062,111.66666666666667,0.018785873806297707
low_volatility|60d|long_q1|unconstrained_beta|r1|ensemble,low_volatility|60d,long_q1,False,1,1.4283940874876269,1.8249710312690393,1.5157850339561822,1.0,1.0,20.10143863484354,0,0.0,,,,41.569002630949534,33.0,0.030303030303030304
low_volatility|60d|long_q1|unconstrained_beta|r5|ensemble,low_volatility|60d,long_q1,False,5,1.4274924126597766,1.8106818320566187,1.5037541511851573,0.9988175136692978,0.9988175136692978,11.107419458445646,0,0.0,,,,41.5153472056127,11.0,0.040491016206161266
low_volatility|60d|long_q1|unconstrained_beta|r21|ensemble,low_volatility|60d,long_q1,False,21,1.423942298210776,1.787813923566645,1.47230339078179,0.9942700239977476,0.9942700239977476,6.428769721337992,0,0.0,,,,41.301443035956304,11.0,0.04681340771132975
low_volatility|60d|long_q1|unconstrained_beta|r63|ensemble,low_volatility|60d,long_q1,False,63,1.4136868330038614,1.8022310571145665,1.4043663261306447,0.9843587351859936,0.9843587351859936,4.078314044008642,0,0.0,,,,40.82619787929523,11.0,0.05376146824726994
low_volatility|60d|long_q10|unconstrained_beta|r1|ensemble,low_volatility|60d,long_q10,False,1,0.5834354217590574,0.8779937295993061,0.5569235192068882,1.0,1.0,25.868389898124732,0,0.0,,,,42.455632623774214,34.0,0.029411764705882353
low_volatility|60d|long_q10|unconstrained_beta|r5|ensemble,low_volatility|60d,long_q10,False,5,0.5827064951217282,0.8567715163612787,0.5605214077128298,0.9994435326926562,0.9994435326926562,13.849508430436606,2,0.015426573378443144,,,,42.42908395120784,11.333333333333334,0.03418898249778634
low_volatility|60d|long_q10|unconstrained_beta|r21|ensemble,low_volatility|60d,long_q10,False,21,0.5791771670426714,0.8297621733393227,0.5739415646384748,0.9972544280384071,0.9972544280384071,7.31022286777352,2,0.022767188718361076,,,,42.32097584309974,11.333333333333334,0.034211004410710504
low_volatility|60d|long_q10|unconstrained_beta|r63|ensemble,low_volatility|60d,long_q10,False,63,0.5757375146570098,0.8154224812907344,0.5911603215389969,0.9915494293129732,0.9915494293129732,4.20470194385983,2,0.022950458219485284,,,,42.05532966594913,11.333333333333334,0.034348743158373184
low_volatility|60d|middle_minus_q1|unconstrained_beta|r1|ensemble,low_volatility|60d,middle_minus_q1,False,1,-0.43493643818330946,0.8928823654154512,-0.5321799396693844,2.0,2.2327148302081305e-17,44.89480919294704,0,0.0,,,,209.6094235828749,167.0,0.030303030303030304
low_volatility|60d|middle_minus_q1|unconstrained_beta|r5|ensemble,low_volatility|60d,middle_minus_q1,False,5,-0.4373147950965109,1.1147822099989264,-0.5211961506011149,2.0037929083998405,-0.00027459539968795557,24.31789945935838,16,0.006447779930621418,,,,209.44646416327834,55.666666666666664,0.04771978569341586
low_volatility|60d|middle_minus_q1|unconstrained_beta|r21|ensemble,low_volatility|60d,middle_minus_q1,False,21,-0.442376577394951,1.1544359517923668,-0.4746458538777074,2.0105930323901227,0.0005792072282379486,13.599847136408242,27,0.006211979509200201,,,,208.8072231523559,55.666666666666664,0.05413450537563571
low_volatility|60d|middle_minus_q1|unconstrained_beta|r63|ensemble,low_volatility|60d,middle_minus_q1,False,63,-0.46753430686490144,2.38383577171744,-0.43244847193343794,2.051014901098713,-0.004154271752376822,8.29648741581791,43,0.00645882284612643,,,,207.24722953041538,55.666666666666664,0.10315000610677579
low_volatility|60d|middle_minus_q1|beta_neutral|r1|ensemble,low_volatility|60d,middle_minus_q1,True,1,2.936810916965519e-18,7.771561172376096e-16,-0.02866540648798025,2.0,0.35758497690316404,43.76322939942801,0,0.0,,,,209.2843817268596,167.0,0.0266095170574345
low_volatility|60d|middle_minus_q1|beta_neutral|r5|ensemble,low_volatility|60d,middle_minus_q1,True,5,-0.0008080121933847916,0.26739783640756937,-0.023035244749214194,2.0017307296871865,0.35794987682879326,23.76945103267914,16,0.00727768306138539,,,,209.1223790161843,55.666666666666664,0.035970876406012306
low_volatility|60d|middle_minus_q1|beta_neutral|r21|ensemble,low_volatility|60d,middle_minus_q1,True,21,-0.0018379289694897172,0.29057259721385065,-0.005298396406379458,2.0026774895503383,0.35988119520658873,13.288178415578148,27,0.006888932371037152,,,,208.4943793350873,55.666666666666664,0.040827801068751925
low_volatility|60d|middle_minus_q1|beta_neutral|r63|ensemble,low_volatility|60d,middle_minus_q1,True,63,-0.01219949950963044,0.7135605280681924,0.01893995171597507,2.020891750193586,0.35975335662983104,8.00425487552294,43,0.007344777930238287,,,,206.9554333094156,55.666666666666664,0.059775417258234424
low_volatility|60d|q10_minus_middle|unconstrained_beta|r1|ensemble,low_volatility|60d,q10_minus_middle,False,1,-0.41002222754526013,0.6815965529633521,-0.4265889272574747,2.0,-1.6192135463638094e-17,48.75894346142812,0,0.0,,,,210.4960535756996,168.0,0.029411764705882353
low_volatility|60d|q10_minus_middle|unconstrained_beta|r5|ensemble,low_volatility|60d,q10_minus_middle,False,5,-0.4112110169764963,0.7190625932093027,-0.4188604683622663,2.001993714123721,-0.0003341588309400225,26.197509369338345,16,0.019675464893471415,,,,210.36020090887348,56.0,0.034359359210761935
low_volatility|60d|q10_minus_middle|unconstrained_beta|r21|ensemble,low_volatility|60d,q10_minus_middle,False,21,-0.4151883809785179,0.7248937952263028,-0.3920346863878905,2.007138243316453,-0.0008631625094115645,14.092194965915814,27,0.02877193054461974,,,,209.82675595949934,56.0,0.03521144177815733
low_volatility|60d|q10_minus_middle|unconstrained_beta|r63|ensemble,low_volatility|60d,q10_minus_middle,False,63,-0.42239715244927456,0.8029393344660186,-0.3591648521735244,2.0254071864100287,-0.0035142936410764557,8.15852425746776,43,0.025430230605839127,,,,208.47636131706926,56.0,0.03780081480759181
low_volatility|60d|q10_minus_middle|beta_neutral|r1|ensemble,low_volatility|60d,q10_minus_middle,True,1,-9.635681493713556e-19,4.85722573273506e-16,-0.001744266213208761,2.0,0.5330100326035657,50.580218235109555,0,0.0,,,,210.3259985649366,168.0,0.04401622435521047
low_volatility|60d|q10_minus_middle|beta_neutral|r5|ensemble,low_volatility|60d,q10_minus_middle,True,5,-0.0005904438005372876,0.12626323990501045,0.005635516150248868,2.0004090970278128,0.5330471332690064,26.86651762661646,16,0.02258402915276508,,,,210.19038507534083,56.0,0.04503871712568861
low_volatility|60d|q10_minus_middle|beta_neutral|r21|ensemble,low_volatility|60d,q10_minus_middle,True,21,-0.0024214712045505953,0.32500080648951923,0.0342735812368598,2.000685053509028,0.5342267554873075,14.302709656844181,27,0.032978307942754165,,,,209.66483297456747,56.0,0.046543961247533794
low_volatility|60d|q10_minus_middle|beta_neutral|r63|ensemble,low_volatility|60d,q10_minus_middle,True,63,-0.006952902191592472,0.3912819408952932,0.0677308365037309,2.0041020180204474,0.5294824122944197,8.190769309031007,43,0.031050549784594827,,,,208.3151558638284,56.0,0.048657027108408635
low_volatility|60d|q10_minus_q1|unconstrained_beta|r1|ensemble,low_volatility|60d,q10_minus_q1,False,1,-0.8449586657285695,1.438787397711643,-0.9588577383010929,2.0,1.850482349403626e-18,51.326469789430114,0,0.0,,,,84.02463525472375,67.0,0.030303030303030304
low_volatility|60d|q10_minus_q1|unconstrained_beta|r5|ensemble,low_volatility|60d,q10_minus_q1,False,5,-0.8497768774174228,1.7609228998570066,-0.9420332887089613,2.0048090222415307,-0.0008433708198731036,27.30482432961455,2,0.015735126552459042,,,,83.94443115682054,22.333333333333332,0.051758979430260726
low_volatility|60d|q10_minus_q1|unconstrained_beta|r21|ensemble,low_volatility|60d,q10_minus_q1,False,21,-0.8623382738328338,1.9101537227012448,-0.8692793066626254,2.014534375091735,-0.001253900484895377,14.825547305582356,2,0.02278568203527394,,,,83.62241887905606,22.333333333333332,0.05860079839220217
low_volatility|60d|q10_minus_q1|unconstrained_beta|r63|ensemble,low_volatility|60d,q10_minus_q1,False,63,-0.9081596616416276,4.402373933523357,-0.8097238580636991,2.064817742025217,-0.011032788651756463,9.012419204873813,2,0.02350297850625392,,,,82.88152754524435,22.333333333333332,0.1334168784668973
low_volatility|60d|q10_minus_q1|beta_neutral|r1|ensemble,low_volatility|60d,q10_minus_q1,True,1,2.9729077699695807e-18,6.661338147750939e-16,-0.02325376157996615,2.0,0.8439933644575146,51.54626286455549,0,0.0,,,,83.86964840947142,67.0,0.04874740484513292
low_volatility|60d|q10_minus_q1|beta_neutral|r5|ensemble,low_volatility|60d,q10_minus_q1,True,5,-0.0011981956539331466,0.2651727373646086,-0.01117735095873307,2.0004460612441215,0.844250994676823,27.33168117105992,2,0.021198480051052113,,,,83.79016184325918,22.333333333333332,0.051266148937231935
low_volatility|60d|q10_minus_q1|beta_neutral|r21|ensemble,low_volatility|60d,q10_minus_q1,True,21,-0.0038035755232798812,0.5257796111470051,0.03372187197241701,1.997901460362999,0.8461746536704721,14.617685897019259,2,0.03112675489762799,,,,83.47149804671929,22.333333333333332,0.05183177522381646
low_volatility|60d|q10_minus_q1|beta_neutral|r63|ensemble,low_volatility|60d,q10_minus_q1,True,63,-0.016630357459831595,0.6779389474889402,0.08878963954323736,2.003294604523894,0.8407653804785723,8.595800404940858,2,0.03241099909083478,,,,82.75093677748544,22.333333333333332,0.057497148791121444
short_term_reversal|reversal_5d|continuous_high_minus_low|unconstrained_beta|r1|ensemble,short_term_reversal|reversal_5d,continuous_high_minus_low,False,1,-0.004911957619808353,0.9555103166553239,0.20337719195221188,2.0,-1.373340039579821e-19,284.9445367024468,0,0.0,,,,419.87849796699356,335.0,0.011940191473340744
short_term_reversal|reversal_5d|continuous_high_minus_low|unconstrained_beta|r5|ensemble,short_term_reversal|reversal_5d,continuous_high_minus_low,False,5,-0.003678177815381713,0.8630239815044832,0.16286204290415116,2.000084600916601,0.0005728571270383342,133.93215364811329,20,0.007735908137015332,,,,419.56852427648886,111.66666666666667,0.014411390256455164
short_term_reversal|reversal_5d|continuous_high_minus_low|unconstrained_beta|r21|ensemble,short_term_reversal|reversal_5d,continuous_high_minus_low,False,21,-0.007651737390571814,0.9370643821134087,0.10141278995577865,2.0031811735955403,0.00035595408773028936,32.082809793397615,31,0.008983835175194868,,,,418.3808498764251,111.66666666666667,0.017596823753614845
short_term_reversal|reversal_5d|continuous_high_minus_low|unconstrained_beta|r63|ensemble,short_term_reversal|reversal_5d,continuous_high_minus_low,False,63,-0.0054617552529308885,0.927148916606212,0.05149500080117285,2.0228676232181617,-0.0026863426293288668,10.79687316318732,49,0.015549592111666963,,,,415.37646496053577,111.66666666666667,0.022384951589970548
short_term_reversal|reversal_5d|continuous_high_minus_low|beta_neutral|r1|ensemble,short_term_reversal|reversal_5d,continuous_high_minus_low,True,1,-4.0883835090663627e-19,6.245004513516506e-16,0.07658617799541037,2.0,0.004593905742720601,292.5461876513863,0,0.0,,,,418.9342262616599,335.0,0.016028641985835715
short_term_reversal|reversal_5d|continuous_high_minus_low|beta_neutral|r5|ensemble,short_term_reversal|reversal_5d,continuous_high_minus_low,True,5,0.0011346620012306725,0.16959818886931352,0.04058415803347106,2.000229251894527,0.004923100529089126,135.34475302018916,20,0.006833247120430694,,,,418.62712269791916,111.66666666666667,0.015968669916887713
short_term_reversal|reversal_5d|continuous_high_minus_low|beta_neutral|r21|ensemble,short_term_reversal|reversal_5d,continuous_high_minus_low,True,21,0.002265092562053401,0.24026849639814649,0.01702794201673559,2.002368322839635,0.009260537321763346,32.40347413565172,31,0.00834319614031829,,,,417.4587419277685,111.66666666666667,0.018305232790145256
short_term_reversal|reversal_5d|continuous_high_minus_low|beta_neutral|r63|ensemble,short_term_reversal|reversal_5d,continuous_high_minus_low,True,63,0.0011294419926376306,0.17385795651953542,0.012881457779498118,2.0178339745886062,0.0007825769506645107,10.8961119628513,49,0.015714545020133,,,,414.49884397672,111.66666666666667,0.02279663720195872
short_term_reversal|reversal_5d|long_q1|unconstrained_beta|r1|ensemble,short_term_reversal|reversal_5d,long_q1,False,1,1.095551828666838,1.8987831778026174,0.9395614593844834,1.0,1.0,204.42448195655248,0,0.0,,,,41.61803396316671,33.0,0.030303030303030304
short_term_reversal|reversal_5d|long_q1|unconstrained_beta|r5|ensemble,short_term_reversal|reversal_5d,long_q1,False,5,1.0932471371462755,1.8048138414838082,0.9566931705615245,0.9993016591957513,0.9993016591957513,88.06985601670084,4,0.01563887928191897,,,,41.5843099736905,11.0,0.03519910777012176
short_term_reversal|reversal_5d|long_q1|unconstrained_beta|r21|ensemble,short_term_reversal|reversal_5d,long_q1,False,21,1.0961093776082897,1.5941377294535037,1.0001099728148901,0.9965287377130596,0.9965287377130596,20.93873130567994,2,0.007746616584630179,,,,41.45355975444471,11.0,0.04054993931333302
short_term_reversal|reversal_5d|long_q1|unconstrained_beta|r63|ensemble,short_term_reversal|reversal_5d,long_q1,False,63,1.082514102498934,1.5783324991865768,1.0341596595571378,0.9900830378511581,0.9900830378511581,6.977278444187911,2,0.008165800324379783,,,,41.151957267001514,11.0,0.04710353188988494
short_term_reversal|reversal_5d|long_q10|unconstrained_beta|r1|ensemble,short_term_reversal|reversal_5d,long_q10,False,1,1.082322604585735,1.8523614241112105,1.2513701709249858,1.0,1.0,200.4829207947425,0,0.0,,,,42.50227218368811,34.0,0.029411764705882353
short_term_reversal|reversal_5d|long_q10|unconstrained_beta|r5|ensemble,short_term_reversal|reversal_5d,long_q10,False,5,1.0816976705117594,1.626866682307555,1.2010614569333047,0.9992640571428439,0.9992640571428439,87.8079887460686,0,0.0,,,,42.466953679343064,11.333333333333334,0.037313115335259495
short_term_reversal|reversal_5d|long_q10|unconstrained_beta|r21|ensemble,short_term_reversal|reversal_5d,long_q10,False,21,1.0767836549313932,1.5317324677942912,1.1635536289427433,0.9962388742404586,0.9962388742404586,20.992278613810107,5,0.008405485540519743,,,,42.32663637088417,11.333333333333334,0.04295952041730213
short_term_reversal|reversal_5d|long_q10|unconstrained_beta|r63|ensemble,short_term_reversal|reversal_5d,long_q10,False,63,1.0731645917241839,1.7113764846948032,1.1139197784193324,0.9890611185463287,0.9890611185463287,6.964102693789696,8,0.023204286459834758,,,,41.98206170772542,11.333333333333334,0.04356058684842965
short_term_reversal|reversal_5d|middle_minus_q1|unconstrained_beta|r1|ensemble,short_term_reversal|reversal_5d,middle_minus_q1,False,1,-0.14013480034263415,1.0256481767035128,0.021387245648979567,2.0,2.100193739984023e-17,400.7496753417846,0,0.0,,,,209.74910308538628,167.0,0.030303030303030304
short_term_reversal|reversal_5d|middle_minus_q1|unconstrained_beta|r5|ensemble,short_term_reversal|reversal_5d,middle_minus_q1,False,5,-0.13791441835271243,0.9358100509395881,0.004188725447822157,2.000371899015067,0.00036814099500005667,146.32378497722934,14,0.017791259320326307,,,,209.59618910946347,55.666666666666664,0.03596515618583821
short_term_reversal|reversal_5d|middle_minus_q1|unconstrained_beta|r21|ensemble,short_term_reversal|reversal_5d,middle_minus_q1,False,21,-0.1453163844342685,0.7142365860145,-0.05062799929134257,2.004547862565489,0.00029787392473221527,35.277027035699874,14,0.013627094282508537,,,,209.0035876584549,55.666666666666664,0.0453951825540195
short_term_reversal|reversal_5d|middle_minus_q1|unconstrained_beta|r63|ensemble,short_term_reversal|reversal_5d,middle_minus_q1,False,63,-0.14623504225474365,0.9743811072506331,-0.09900284979061018,2.0275814437608073,-0.0025294064255177574,11.978640294002146,19,0.011482292262810723,,,,207.50275053814877,55.666666666666664,0.06649097908731859
short_term_reversal|reversal_5d|middle_minus_q1|beta_neutral|r1|ensemble,short_term_reversal|reversal_5d,middle_minus_q1,True,1,-4.96064632838937e-18,6.730727086790012e-16,0.055846714083414656,2.0,0.11896639533009602,413.6086424419089,0,0.0,,,,209.31595312126285,167.0,0.03745679364830926
short_term_reversal|reversal_5d|middle_minus_q1|beta_neutral|r5|ensemble,short_term_reversal|reversal_5d,middle_minus_q1,True,5,0.0007296895871959374,0.10098063584126998,0.032219611260562504,2.000077511626075,0.11748367019731912,146.89589643590392,14,0.01655132179572647,,,,209.16630790082115,55.666666666666664,0.038409744579965856
short_term_reversal|reversal_5d|middle_minus_q1|beta_neutral|r21|ensemble,short_term_reversal|reversal_5d,middle_minus_q1,True,21,0.0008078458734015081,0.16015997442559707,0.004774933256557514,2.0021756143438036,0.12589468176119983,35.217453920727216,14,0.013971626783590041,,,,208.5582396555848,55.666666666666664,0.041255704058002815
short_term_reversal|reversal_5d|middle_minus_q1|beta_neutral|r63|ensemble,short_term_reversal|reversal_5d,middle_minus_q1,True,63,-0.0041777728648548056,0.2537663565835091,0.0065690307711401335,2.016424637371953,0.11352836245659555,11.90578943524743,19,0.009946425345420217,,,,207.09001036434663,55.666666666666664,0.05627636295643631
short_term_reversal|reversal_5d|q10_minus_middle|unconstrained_beta|r1|ensemble,short_term_reversal|reversal_5d,q10_minus_middle,False,1,0.1269055762615311,0.927416782323484,0.28961952703982247,2.0,-1.3794599083362567e-17,396.4379823822764,0,0.0,,,,210.6333413059077,168.0,0.029411764705882353
short_term_reversal|reversal_5d|q10_minus_middle|unconstrained_beta|r5|ensemble,short_term_reversal|reversal_5d,q10_minus_middle,False,5,0.12711955840154474,0.7065875128750433,0.23852369297846737,2.0005443503520497,0.0003705748086406249,146.0093766721172,14,0.0060341230887683275,,,,210.478832815116,56.0,0.037112006498541204
short_term_reversal|reversal_5d|q10_minus_middle|unconstrained_beta|r21|ensemble,short_term_reversal|reversal_5d,q10_minus_middle,False,21,0.12562369816648103,0.5944778387633035,0.19230242743239803,2.002690191660738,-3.6223657576184336e-05,35.261932152595676,17,0.021733630484885125,,,,209.87666427489435,56.0,0.04425311800384995
short_term_reversal|reversal_5d|q10_minus_middle|unconstrained_beta|r63|ensemble,short_term_reversal|reversal_5d,q10_minus_middle,False,63,0.12718720213779067,0.8388840795048406,0.15881022721230892,2.0143667330165793,-0.0018962146658055717,11.857239033866433,21,0.02680173006055019,,,,208.3328549788727,56.0,0.046571014080090616
short_term_reversal|reversal_5d|q10_minus_middle|beta_neutral|r1|ensemble,short_term_reversal|reversal_5d,q10_minus_middle,True,1,-2.0366715768240017e-18,6.938893903907228e-16,0.06692817871317672,2.0,-0.10791504439474327,409.57726415764563,0,0.0,,,,210.2169337479072,168.0,0.03748708659809795
short_term_reversal|reversal_5d|q10_minus_middle|beta_neutral|r5|ensemble,short_term_reversal|reversal_5d,q10_minus_middle,True,5,0.0009075823136662079,0.21367995450494512,0.028657346119097628,2.0010493720530884,-0.10682052686585508,147.11392868793848,14,0.005834971293718227,,,,210.0635414175237,56.0,0.03605946573593009
short_term_reversal|reversal_5d|q10_minus_middle|beta_neutral|r21|ensemble,short_term_reversal|reversal_5d,q10_minus_middle,True,21,0.0018706192420166693,0.2319079706289143,0.015871622746486874,2.004028101755764,-0.10656087189319163,35.40403698326008,17,0.02251221395662763,,,,209.45156661085863,56.0,0.04073103824322533
short_term_reversal|reversal_5d|q10_minus_middle|beta_neutral|r63|ensemble,short_term_reversal|reversal_5d,q10_minus_middle,True,63,0.005499250486306282,0.21540175374888829,0.009918840594006093,2.0178183433215673,-0.10256750690247389,11.91088791768252,21,0.02545410809629356,,,,207.8900581997927,56.0,0.04766531038259314
short_term_reversal|reversal_5d|q10_minus_q1|unconstrained_beta|r1|ensemble,short_term_reversal|reversal_5d,q10_minus_q1,False,1,-0.013229224081103039,1.4557114804470934,0.31116018898653286,2.0,1.9309741825391197e-18,406.19168669633495,0,0.0,,,,84.12030614685482,67.0,0.030303030303030304
short_term_reversal|reversal_5d|q10_minus_q1|unconstrained_beta|r5|ensemble,short_term_reversal|reversal_5d,q10_minus_q1,False,5,-0.01090208943374514,1.2473982793007672,0.24358688996086175,1.9997836766225494,0.0006598294898254716,176.0537011482749,4,0.01570504327732677,,,,84.05126365303357,22.333333333333332,0.03731811873762176
short_term_reversal|reversal_5d|q10_minus_q1|unconstrained_beta|r21|ensemble,short_term_reversal|reversal_5d,q10_minus_q1,False,21,-0.019681497116486434,1.3116505802629383,0.14412228556363235,2.003063017667744,3.1096889502508544e-05,42.18245828789095,7,0.008099022848216134,,,,83.78019612532887,22.333333333333332,0.04537486888308075
short_term_reversal|reversal_5d|q10_minus_q1|unconstrained_beta|r63|ensemble,short_term_reversal|reversal_5d,q10_minus_q1,False,63,-0.019372015449748106,1.4052988400558586,0.0652750728962717,2.024298045076137,-0.004389460588747009,14.253171290985064,8,0.029520371708630287,,,,83.13401897472694,22.333333333333332,0.057082533746427
short_term_reversal|reversal_5d|q10_minus_q1|beta_neutral|r1|ensemble,short_term_reversal|reversal_5d,q10_minus_q1,True,1,-4.135371653925099e-18,6.661338147750939e-16,0.12953329428904362,2.0,0.01106860624463626,431.1651807454875,0,0.0,,,,83.77302080841903,67.0,0.04328352494126589
short_term_reversal|reversal_5d|q10_minus_q1|beta_neutral|r5|ensemble,short_term_reversal|reversal_5d,q10_minus_q1,True,5,0.0016082563045836098,0.26529218124095016,0.0719998403057298,1.9998901200462298,0.010660765167479965,178.18840188106844,4,0.014885536916430783,,,,83.70405804034122,22.333333333333332,0.04389392531363485
short_term_reversal|reversal_5d|q10_minus_q1|beta_neutral|r21|ensemble,short_term_reversal|reversal_5d,q10_minus_q1,True,21,0.002725177811543537,0.3607414637453276,0.03003718733999143,2.001639693407785,0.019158614292518597,42.618035983551785,7,0.007385868953713661,,,,83.4134577054931,22.333333333333332,0.04679220771479581
short_term_reversal|reversal_5d|q10_minus_q1|beta_neutral|r63|ensemble,short_term_reversal|reversal_5d,q10_minus_q1,True,63,0.0018062971688126651,0.30102653647315375,0.025666002546463562,2.0167944654145398,0.011561725373100845,14.349491351195285,8,0.029407917312732564,,,,82.79877222355097,22.333333333333332,0.05804425129923521
volatility_scaled_momentum|vsmom_12m_1m_vol60|continuous_high_minus_low|unconstrained_beta|r1|ensemble,volatility_scaled_momentum|vsmom_12m_1m_vol60,continuous_high_minus_low,False,1,-0.12232557534748117,0.7437704072409187,-0.2691014870074418,2.0,-1.2654643869240042e-19,46.26472987683251,0,0.0,,,,418.32910786893086,335.0,0.011940191473340744
volatility_scaled_momentum|vsmom_12m_1m_vol60|continuous_high_minus_low|unconstrained_beta|r5|ensemble,volatility_scaled_momentum|vsmom_12m_1m_vol60,continuous_high_minus_low,False,5,-0.1229164182435122,0.7714494492817887,-0.2599499849950947,2.001654344005159,0.00016036165687084163,21.11838880881148,4,0.01749542320495669,,,,418.02870126763935,111.66666666666667,0.015465033730802066
volatility_scaled_momentum|vsmom_12m_1m_vol60|continuous_high_minus_low|unconstrained_beta|r21|ensemble,volatility_scaled_momentum|vsmom_12m_1m_vol60,continuous_high_minus_low,False,21,-0.1260013266821776,0.9239162603582475,-0.22789165323463093,2.0049910679306753,0.001453579124988461,10.52581697648866,4,0.024824394830026172,,,,416.83209758430996,111.66666666666667,0.01891993921736373
volatility_scaled_momentum|vsmom_12m_1m_vol60|continuous_high_minus_low|unconstrained_beta|r63|ensemble,volatility_scaled_momentum|vsmom_12m_1m_vol60,continuous_high_minus_low,False,63,-0.1295552974086931,1.0875642319860757,-0.17885933133617174,2.021592827743437,0.00246531940925667,6.054869890895061,4,0.02468469863384612,,,,413.86789444311563,111.66666666666667,0.02652216694238259
volatility_scaled_momentum|vsmom_12m_1m_vol60|continuous_high_minus_low|beta_neutral|r1|ensemble,volatility_scaled_momentum|vsmom_12m_1m_vol60,continuous_high_minus_low,True,1,-1.3848277593217745e-18,6.210310043996969e-16,-0.06019700893489257,2.0,0.12337652963359068,46.39275502123967,0,0.0,,,,418.32910786893086,335.0,0.015269042941116279
volatility_scaled_momentum|vsmom_12m_1m_vol60|continuous_high_minus_low|beta_neutral|r5|ensemble,volatility_scaled_momentum|vsmom_12m_1m_vol60,continuous_high_minus_low,True,5,-0.0005301198032032764,0.18949724609405524,-0.053443809287350534,2.001049581260578,0.12332571202327688,21.170663243738048,4,0.017576528419005397,,,,418.02870126763935,111.66666666666667,0.015771975011730235
volatility_scaled_momentum|vsmom_12m_1m_vol60|continuous_high_minus_low|beta_neutral|r21|ensemble,volatility_scaled_momentum|vsmom_12m_1m_vol60,continuous_high_minus_low,True,21,-0.0014777227666490555,0.2546316777020962,-0.03344483483273563,2.0023515555175906,0.12598605973983473,10.563179643989468,4,0.02515149651659095,,,,416.83209758430996,111.66666666666667,0.01723885000158761
volatility_scaled_momentum|vsmom_12m_1m_vol60|continuous_high_minus_low|beta_neutral|r63|ensemble,volatility_scaled_momentum|vsmom_12m_1m_vol60,continuous_high_minus_low,True,63,-0.0037117083801517983,0.4090169268908186,0.00021688642445973495,2.0123047178447013,0.12538355096402407,6.028550212927725,4,0.025126044781107082,,,,413.86789444311563,111.66666666666667,0.019442783528094768
volatility_scaled_momentum|vsmom_12m_1m_vol60|long_q1|unconstrained_beta|r1|ensemble,volatility_scaled_momentum|vsmom_12m_1m_vol60,long_q1,False,1,1.0666804820219464,1.4208074551078784,1.2177718370813073,1.0,1.0,37.581296314478415,0,0.0,,,,41.47141832097584,33.0,0.030303030303030304
volatility_scaled_momentum|vsmom_12m_1m_vol60|long_q1|unconstrained_beta|r5|ensemble,volatility_scaled_momentum|vsmom_12m_1m_vol60,long_q1,False,5,1.066266347644853,1.4153842141952284,1.2065201769424403,0.9989427659569527,0.9989427659569527,16.642271073082362,2,0.02425648912577851,,,,41.422466714502114,11.0,0.038610647976212754
volatility_scaled_momentum|vsmom_12m_1m_vol60|long_q1|unconstrained_beta|r21|ensemble,volatility_scaled_momentum|vsmom_12m_1m_vol60,long_q1,False,21,1.0631979962088283,1.4279059194682622,1.1910890229167594,0.9945237857284182,0.9945237857284182,8.007858735742527,2,0.032170672334159836,,,,41.215100055808016,11.0,0.04409082550993256
volatility_scaled_momentum|vsmom_12m_1m_vol60|long_q1|unconstrained_beta|r63|ensemble,volatility_scaled_momentum|vsmom_12m_1m_vol60,long_q1,False,63,1.0571931010330684,1.45275795457699,1.1479156278954972,0.9854332495890757,0.9854332495890757,4.344032989821833,2,0.0374500241311337,,,,40.773658614366575,11.0,0.05632110008398595
volatility_scaled_momentum|vsmom_12m_1m_vol60|long_q10|unconstrained_beta|r1|ensemble,volatility_scaled_momentum|vsmom_12m_1m_vol60,long_q10,False,1,0.8923484486369277,1.6768214470548655,0.8250688622212633,1.0,1.0,41.846477032361065,0,0.0,,,,42.363071035637404,34.0,0.029411764705882353
volatility_scaled_momentum|vsmom_12m_1m_vol60|long_q10|unconstrained_beta|r5|ensemble,volatility_scaled_momentum|vsmom_12m_1m_vol60,long_q10,False,5,0.8917510403948602,1.673178537387238,0.8247715148220373,0.9994461700922346,0.9994461700922346,19.049746884872736,2,0.015355804027358045,,,,42.336283185840706,11.333333333333334,0.03286935240952213
volatility_scaled_momentum|vsmom_12m_1m_vol60|long_q10|unconstrained_beta|r21|ensemble,volatility_scaled_momentum|vsmom_12m_1m_vol60,long_q10,False,21,0.8886877706512498,1.597368873952286,0.8365526221469918,0.997288284805819,0.997288284805819,9.24859534080655,2,0.02308075229649476,,,,42.23048712429244,11.333333333333334,0.03555273646527838
volatility_scaled_momentum|vsmom_12m_1m_vol60|long_q10|unconstrained_beta|r63|ensemble,volatility_scaled_momentum|vsmom_12m_1m_vol60,long_q10,False,63,0.8909200676990728,1.4930600321542398,0.8576579012708683,0.9919095154493193,0.9919095154493193,4.931367545784522,2,0.023059027742250267,,,,41.96563820457626,11.333333333333334,0.039579119785128104
volatility_scaled_momentum|vsmom_12m_1m_vol60|middle_minus_q1|unconstrained_beta|r1|ensemble,volatility_scaled_momentum|vsmom_12m_1m_vol60,middle_minus_q1,False,1,-0.05988395344242997,0.6808332684190432,-0.2227724905122275,2.0,1.5783867608971465e-17,76.1792240372491,0,0.0,,,,208.98397512556804,167.0,0.030303030303030304
volatility_scaled_momentum|vsmom_12m_1m_vol60|middle_minus_q1|unconstrained_beta|r5|ensemble,volatility_scaled_momentum|vsmom_12m_1m_vol60,middle_minus_q1,False,5,-0.060436526259818435,0.7470617242203336,-0.20985237572123294,2.0012914258163326,0.0004439413418040574,34.09679314822929,2,0.02433185569398541,,,,208.82890855457225,55.666666666666664,0.04048418309818073
volatility_scaled_momentum|vsmom_12m_1m_vol60|middle_minus_q1|unconstrained_beta|r21|ensemble,volatility_scaled_momentum|vsmom_12m_1m_vol60,middle_minus_q1,False,21,-0.060345658737064135,1.0182712747886526,-0.19390032539166044,2.0021215969436073,0.003256201396560563,16.40549728151799,2,0.031127605263066654,,,,208.21812963405884,55.666666666666664,0.051089978429804526
volatility_scaled_momentum|vsmom_12m_1m_vol60|middle_minus_q1|unconstrained_beta|r63|ensemble,volatility_scaled_momentum|vsmom_12m_1m_vol60,middle_minus_q1,False,63,-0.06224006838825181,0.9225532014970644,-0.1501308619489219,2.0092711490678994,0.008697178244181796,8.611452498964677,4,0.037182486733006524,,,,206.62696324643227,55.666666666666664,0.07458675474583722
volatility_scaled_momentum|vsmom_12m_1m_vol60|middle_minus_q1|beta_neutral|r1|ensemble,volatility_scaled_momentum|vsmom_12m_1m_vol60,middle_minus_q1,True,1,-4.3231167801818564e-18,8.604228440844963e-16,-0.08986699281237923,2.0,0.04025397979675804,77.47567557037021,0,0.0,,,,208.98397512556804,167.0,0.0364134836387805
volatility_scaled_momentum|vsmom_12m_1m_vol60|middle_minus_q1|beta_neutral|r5|ensemble,volatility_scaled_momentum|vsmom_12m_1m_vol60,middle_minus_q1,True,5,-0.0004067369533696988,0.18576218048177054,-0.07918743152585275,2.000956009788508,0.040528039832474924,34.333755433407326,2,0.024638481013164664,,,,208.82890855457225,55.666666666666664,0.04237812962453475
volatility_scaled_momentum|vsmom_12m_1m_vol60|middle_minus_q1|beta_neutral|r21|ensemble,volatility_scaled_momentum|vsmom_12m_1m_vol60,middle_minus_q1,True,21,0.00023058295176149536,0.31791470349203016,-0.06571131064702725,2.0008648908104574,0.04359311652592729,16.458169924323645,2,0.03142582804198005,,,,208.21812963405884,55.666666666666664,0.04859862146320327
volatility_scaled_momentum|vsmom_12m_1m_vol60|middle_minus_q1|beta_neutral|r63|ensemble,volatility_scaled_momentum|vsmom_12m_1m_vol60,middle_minus_q1,True,63,-0.0005678922371696138,0.3923088300300826,-0.0304178642062341,2.005088493105695,0.047485149314790365,8.618725910911973,4,0.03814254644898681,,,,206.62696324643227,55.666666666666664,0.06013800629696786
volatility_scaled_momentum|vsmom_12m_1m_vol60|q10_minus_middle|unconstrained_beta|r1|ensemble,volatility_scaled_momentum|vsmom_12m_1m_vol60,q10_minus_middle,False,1,-0.11444807994258847,0.7776981369493761,-0.17005060009672524,2.0,-8.670713035389455e-18,79.41194531282362,0,0.0,,,,209.8756278402296,168.0,0.029411764705882353
volatility_scaled_momentum|vsmom_12m_1m_vol60|q10_minus_middle|unconstrained_beta|r5|ensemble,volatility_scaled_momentum|vsmom_12m_1m_vol60,q10_minus_middle,False,5,-0.11470233598849303,0.7751481041289807,-0.16866321146374194,2.0015487254525444,-2.280544448250207e-06,36.00848830202644,2,0.015516997356720809,,,,209.7427250259109,56.0,0.03312019543465095
volatility_scaled_momentum|vsmom_12m_1m_vol60|q10_minus_middle|unconstrained_beta|r21|ensemble,volatility_scaled_momentum|vsmom_12m_1m_vol60,q10_minus_middle,False,21,-0.11626459794471201,0.7136455390731508,-0.1451999555565027,2.006262133984916,-0.0001746056483038576,17.447336191608027,2,0.023277256076639368,,,,209.23351670254326,56.0,0.03731619597492234
volatility_scaled_momentum|vsmom_12m_1m_vol60|q10_minus_middle|unconstrained_beta|r63|ensemble,volatility_scaled_momentum|vsmom_12m_1m_vol60,q10_minus_middle,False,63,-0.11128608390495609,0.8052082895369433,-0.10540924012290294,2.0244847126622636,-0.0009208657104515999,9.185519820844437,4,0.023496546562402704,,,,207.81894283664195,56.0,0.04243347542578074
volatility_scaled_momentum|vsmom_12m_1m_vol60|q10_minus_middle|beta_neutral|r1|ensemble,volatility_scaled_momentum|vsmom_12m_1m_vol60,q10_minus_middle,True,1,3.882538093013028e-18,6.106226635438361e-16,-0.011250055170921402,2.0,0.1413399487813005,82.4354547305218,0,0.0,,,,209.8756278402296,168.0,0.036332632706460345
volatility_scaled_momentum|vsmom_12m_1m_vol60|q10_minus_middle|beta_neutral|r5|ensemble,volatility_scaled_momentum|vsmom_12m_1m_vol60,q10_minus_middle,True,5,-0.00039006734792306803,0.11579302565096583,-0.011665109411651603,2.0011087289920075,0.14125242667439486,36.97547493086485,2,0.01590398124705947,,,,209.7427250259109,56.0,0.03816671599215651
volatility_scaled_momentum|vsmom_12m_1m_vol60|q10_minus_middle|beta_neutral|r21|ensemble,volatility_scaled_momentum|vsmom_12m_1m_vol60,q10_minus_middle,True,21,-0.002078787593376946,0.17449380574247142,0.0032121558946673944,2.0040938527690484,0.1406941633544788,17.75135824160849,2,0.022503311805877266,,,,209.23351670254326,56.0,0.04058248371248654
volatility_scaled_momentum|vsmom_12m_1m_vol60|q10_minus_middle|beta_neutral|r63|ensemble,volatility_scaled_momentum|vsmom_12m_1m_vol60,q10_minus_middle,True,63,-0.0020989987695433773,0.20998590318498334,0.029919032163611,2.0170153765670715,0.13315543507262975,9.26940797234451,4,0.02204654175285184,,,,207.81894283664195,56.0,0.04512384429419
volatility_scaled_momentum|vsmom_12m_1m_vol60|q10_minus_q1|unconstrained_beta|r1|ensemble,volatility_scaled_momentum|vsmom_12m_1m_vol60,q10_minus_q1,False,1,-0.17433203338501846,1.0936776261613046,-0.39262734717898606,2.0,4.093466111931877e-18,82.92541906911457,0,0.0,,,,83.83448935661325,67.0,0.030303030303030304
volatility_scaled_momentum|vsmom_12m_1m_vol60|q10_minus_q1|unconstrained_beta|r5|ensemble,volatility_scaled_momentum|vsmom_12m_1m_vol60,q10_minus_q1,False,5,-0.1755544358875731,1.2273578346321352,-0.3787833826501638,2.001694857327737,0.00028102813967455817,37.207782761698176,2,0.03995092152551439,,,,83.75874990034282,22.333333333333332,0.04123654876604448
volatility_scaled_momentum|vsmom_12m_1m_vol60|q10_minus_q1|unconstrained_beta|r21|ensemble,volatility_scaled_momentum|vsmom_12m_1m_vol60,q10_minus_q1,False,21,-0.17855973014321702,1.6851368422866067,-0.34303986297371514,2.0042444088637374,0.002373878038639079,17.969039181571887,2,0.054235054431074785,,,,83.44558718010046,22.333333333333332,0.054575197334110835
volatility_scaled_momentum|vsmom_12m_1m_vol60|q10_minus_q1|unconstrained_beta|r63|ensemble,volatility_scaled_momentum|vsmom_12m_1m_vol60,q10_minus_q1,False,63,-0.17891401331177528,1.7450338830163563,-0.262928032193127,2.015632699134047,0.006400273753992207,9.655917828200648,2,0.06022148898654827,,,,82.73929681894283,22.333333333333332,0.08755258217229679
volatility_scaled_momentum|vsmom_12m_1m_vol60|q10_minus_q1|beta_neutral|r1|ensemble,volatility_scaled_momentum|vsmom_12m_1m_vol60,q10_minus_q1,True,1,-1.864018669280149e-18,6.661338147750939e-16,-0.08947638418639788,2.0,0.17822732559643456,85.64265554117816,0,0.0,,,,83.83448935661325,67.0,0.043484128301877714
volatility_scaled_momentum|vsmom_12m_1m_vol60|q10_minus_q1|beta_neutral|r5|ensemble,volatility_scaled_momentum|vsmom_12m_1m_vol60,q10_minus_q1,True,5,-0.0007810103792747122,0.2897102055296939,-0.08008001346151218,2.000715702225376,0.17832686888243424,37.95119736938493,2,0.03977419572824093,,,,83.75874990034282,22.333333333333332,0.04595885695841734
volatility_scaled_momentum|vsmom_12m_1m_vol60|q10_minus_q1|beta_neutral|r21|ensemble,volatility_scaled_momentum|vsmom_12m_1m_vol60,q10_minus_q1,True,21,-0.0018080370030325716,0.4485969942938139,-0.05409553340241343,2.0000626178824414,0.18040412689568538,18.168294136125628,2,0.05462582010047264,,,,83.44558718010046,22.333333333333332,0.04842424170343684
volatility_scaled_momentum|vsmom_12m_1m_vol60|q10_minus_q1|beta_neutral|r63|ensemble,volatility_scaled_momentum|vsmom_12m_1m_vol60,q10_minus_q1,True,63,-0.002964514889599297,0.5527737686057376,0.0034484023032690676,2.0026556970552156,0.1769188969757921,9.670516114383135,2,0.06195242674054111,,,,82.73929681894283,22.333333333333332,0.0567564111968428
